{
	"credit": "Made with Blockbench",
	"texture_size": [32, 32],
	"textures": {
		"0": "item/netherite_axe/1",
		"particle": "item/netherite_axe/1"
	},
	"elements": [
		{
			"from": [7.5, 4, 7.5],
			"to": [8.5, 28, 8.5],
			"faces": {
				"north": {"uv": [6.5, 0, 7, 12], "texture": "#0"},
				"east": {"uv": [7, 0, 7.5, 12], "texture": "#0"},
				"south": {"uv": [7.5, 0, 8, 12], "texture": "#0"},
				"west": {"uv": [8, 0, 8.5, 12], "texture": "#0"},
				"up": {"uv": [12, 0.5, 11.5, 0], "texture": "#0"},
				"down": {"uv": [12, 0.5, 11.5, 1], "texture": "#0"}
			}
		},
		{
			"from": [3.5, 15, 8],
			"to": [16.5, 28, 8],
			"faces": {
				"north": {"uv": [6.5, 6.5, 0, 13], "texture": "#0"},
				"east": {"uv": [0, 0, 0, 6.5], "texture": "#0"},
				"south": {"uv": [0, 6.5, 6.5, 13], "texture": "#0"},
				"west": {"uv": [0, 0, 0, 6.5], "texture": "#0"},
				"up": {"uv": [6.5, 0, 0, 0], "texture": "#0"},
				"down": {"uv": [6.5, 0, 0, 0], "texture": "#0"}
			}
		},
		{
			"from": [6.5, 0, 8],
			"to": [9.5, 7, 8],
			"faces": {
				"north": {"uv": [10, 10.5, 11.5, 7], "texture": "#0"},
				"east": {"uv": [1.5, 0, 1.5, 3.5], "texture": "#0"},
				"south": {"uv": [10, 10.5, 11.5, 7], "texture": "#0"},
				"west": {"uv": [0, 0, 0, 3.5], "texture": "#0"},
				"up": {"uv": [1.5, 0, 0, 0], "texture": "#0"},
				"down": {"uv": [1.5, 0, 0, 0], "texture": "#0"}
			}
		},
		{
			"from": [8, 0, 6.5],
			"to": [8, 7, 9.5],
			"rotation": {"angle": 0, "axis": "y", "origin": [8, 3.5, 8]},
			"faces": {
				"north": {"uv": [1.5, 3.5, 1.5, 0], "texture": "#0"},
				"east": {"uv": [10, 10.5, 11.5, 7], "texture": "#0"},
				"south": {"uv": [0, 0, 0, 3.5], "texture": "#0"},
				"west": {"uv": [10, 10.5, 11.5, 7], "texture": "#0"},
				"up": {"uv": [0, 1.5, 0, 0], "texture": "#0"},
				"down": {"uv": [0, 0, 0, 1.5], "texture": "#0"}
			}
		},
		{
			"from": [6.5, 25, 8],
			"to": [9.5, 32, 8],
			"faces": {
				"north": {"uv": [10, 7, 11.5, 10.5], "texture": "#0"},
				"east": {"uv": [1.5, 0, 1.5, 3.5], "texture": "#0"},
				"south": {"uv": [10, 7, 11.5, 10.5], "texture": "#0"},
				"west": {"uv": [0, 0, 0, 3.5], "texture": "#0"},
				"up": {"uv": [1.5, 0, 0, 0], "texture": "#0"},
				"down": {"uv": [1.5, 0, 0, 0], "texture": "#0"}
			}
		},
		{
			"from": [8, 25, 6.5],
			"to": [8, 32, 9.5],
			"rotation": {"angle": 0, "axis": "y", "origin": [8, 3.5, 8]},
			"faces": {
				"north": {"uv": [1.5, 0, 1.5, 3.5], "texture": "#0"},
				"east": {"uv": [10, 7, 11.5, 10.5], "texture": "#0"},
				"south": {"uv": [0, 0, 0, 3.5], "texture": "#0"},
				"west": {"uv": [10, 7, 11.5, 10.5], "texture": "#0"},
				"up": {"uv": [0, 1.5, 0, 0], "texture": "#0"},
				"down": {"uv": [0, 0, 0, 1.5], "texture": "#0"}
			}
		}
	],
	"display": {
		"thirdperson_righthand": {
			"rotation": [0, 90, 0],
			"translation": [0, -8, 1]
		},
		"thirdperson_lefthand": {
			"rotation": [0, -90, 0],
			"translation": [0, -10.5, 1]
		},
		"firstperson_righthand": {
			"rotation": [-13, 106, 0],
			"translation": [0, -2.5, 4.5]
		},
		"firstperson_lefthand": {
			"rotation": [5, -96, 0],
			"translation": [4.5, -9.25, -1]
		},
		"ground": {
			"translation": [0, 6, 0]
		},
		"gui": {
			"rotation": [0, 180, -40],
			"translation": [5.75, -5.75, -0.25]
		},
		"fixed": {
			"rotation": [0, 180, -40],
			"translation": [5.75, -5.75, -0.25]
		}
	}
}