{
	"credit": "Made with Blockbench",
	"texture_size": [64, 64],
	"textures": {
		"0": "item/netherite_axe/2",
		"particle": "item/netherite_axe/2"
	},
	"elements": [
		{
			"from": [5, -5.9, 7],
			"to": [11, 10.1, 9],
			"rotation": {"angle": 45, "axis": "z", "origin": [7, 4, 8]},
			"faces": {
				"north": {"uv": [2, 0, 3.5, 4], "texture": "#0"},
				"east": {"uv": [4, 5.5, 4.5, 9.5], "texture": "#0"},
				"south": {"uv": [3.5, 0, 5, 4], "texture": "#0"},
				"west": {"uv": [4.5, 5.5, 5, 9.5], "texture": "#0"},
				"up": {"uv": [8.75, 5.75, 7.25, 5.25], "texture": "#0"},
				"down": {"uv": [8.75, 5.75, 7.25, 6.25], "texture": "#0"}
			}
		},
		{
			"from": [11, 0.1, 7],
			"to": [15, 7.1, 9],
			"rotation": {"angle": 45, "axis": "z", "origin": [7, 4, 8]},
			"faces": {
				"north": {"uv": [7, 1.75, 8, 3.5], "texture": "#0"},
				"east": {"uv": [0.5, 7.25, 1, 9], "texture": "#0"},
				"south": {"uv": [7, 3.5, 8, 5.25], "texture": "#0"},
				"west": {"uv": [1, 7.25, 1.5, 9], "texture": "#0"},
				"up": {"uv": [8.75, 7.75, 7.75, 7.25], "texture": "#0"},
				"down": {"uv": [8.5, 7.75, 7.5, 8.25], "texture": "#0"}
			}
		},
		{
			"from": [11, 1.75, 8],
			"to": [18, 7.75, 8.01],
			"rotation": {"angle": 45, "axis": "z", "origin": [7, 4, 8]},
			"faces": {
				"north": {"uv": [4, 4, 5.75, 5.5], "texture": "#0"},
				"east": {"uv": [0, 0, 0, 1.5], "texture": "#0"},
				"south": {"uv": [5, 0, 6.75, 1.5], "texture": "#0"},
				"west": {"uv": [0, 0, 0, 1.5], "texture": "#0"},
				"up": {"uv": [1.75, 0, 0, 0], "texture": "#0"},
				"down": {"uv": [1.75, 0, 0, 0], "texture": "#0"}
			}
		},
		{
			"from": [6, 10.1, 8],
			"to": [14, 15.1, 8.01],
			"rotation": {"angle": 45, "axis": "z", "origin": [7, 4, 8]},
			"faces": {
				"north": {"uv": [5, 1.5, 7, 2.75], "texture": "#0"},
				"east": {"uv": [0, 0, 0, 1.25], "texture": "#0"},
				"south": {"uv": [5, 2.75, 7, 4], "texture": "#0"},
				"west": {"uv": [0, 0, 0, 1.25], "texture": "#0"},
				"up": {"uv": [2, 0, 0, 0], "texture": "#0"},
				"down": {"uv": [2, 0, 0, 0], "texture": "#0"}
			}
		},
		{
			"from": [1, 0.1, 7],
			"to": [5, 7.1, 9],
			"rotation": {"angle": 45, "axis": "z", "origin": [7, 4, 8]},
			"faces": {
				"north": {"uv": [6.25, 5.5, 7.25, 7.25], "texture": "#0"},
				"east": {"uv": [5.5, 7, 6, 8.75], "texture": "#0"},
				"south": {"uv": [7, 0, 8, 1.75], "texture": "#0"},
				"west": {"uv": [0, 7.25, 0.5, 9], "texture": "#0"},
				"up": {"uv": [8.25, 7.25, 7.25, 6.75], "texture": "#0"},
				"down": {"uv": [7.5, 7.75, 6.5, 8.25], "texture": "#0"}
			}
		},
		{
			"from": [6, 4, 7.5],
			"to": [10, 25, 8.5],
			"rotation": {"angle": 0, "axis": "y", "origin": [0, -6, 0]},
			"faces": {
				"north": {"uv": [2, 4, 3, 9.25], "texture": "#0"},
				"east": {"uv": [5, 7, 5.25, 12.25], "texture": "#0"},
				"south": {"uv": [3, 4, 4, 9.25], "texture": "#0"},
				"west": {"uv": [5.25, 7, 5.5, 12.25], "texture": "#0"},
				"up": {"uv": [9, 4.25, 8, 4], "texture": "#0"},
				"down": {"uv": [9, 4.25, 8, 4.5], "texture": "#0"}
			}
		},
		{
			"from": [6, 1, 6.5],
			"to": [10, 30, 6.51],
			"rotation": {"angle": 0, "axis": "y", "origin": [0, -6, 0]},
			"faces": {
				"north": {"uv": [0, 0, 1, 7.25], "texture": "#0"},
				"east": {"uv": [0, 0, 0, 7.25], "texture": "#0"},
				"south": {"uv": [1, 0, 2, 7.25], "texture": "#0"},
				"west": {"uv": [0, 0, 0, 7.25], "texture": "#0"},
				"up": {"uv": [1, 0, 0, 0], "texture": "#0"},
				"down": {"uv": [1, 0, 0, 0], "texture": "#0"}
			}
		},
		{
			"from": [9, 23, 6],
			"to": [10, 24, 7],
			"rotation": {"angle": 0, "axis": "y", "origin": [0, -6, 0]},
			"faces": {
				"north": {"uv": [6.75, 0, 7, 0.25], "texture": "#0"},
				"east": {"uv": [6.75, 0.25, 7, 0.5], "texture": "#0"},
				"south": {"uv": [6.75, 0.5, 7, 0.75], "texture": "#0"},
				"west": {"uv": [6.75, 0.75, 7, 1], "texture": "#0"},
				"up": {"uv": [7, 1.25, 6.75, 1], "texture": "#0"},
				"down": {"uv": [7, 1.25, 6.75, 1.5], "texture": "#0"}
			}
		},
		{
			"from": [8, 25, 6],
			"to": [9, 26, 7],
			"rotation": {"angle": 0, "axis": "y", "origin": [0, -6, 0]},
			"faces": {
				"north": {"uv": [8.5, 8.5, 8.75, 8.75], "texture": "#0"},
				"east": {"uv": [1.5, 8.75, 1.75, 9], "texture": "#0"},
				"south": {"uv": [1.75, 8.75, 2, 9], "texture": "#0"},
				"west": {"uv": [8.75, 2, 9, 2.25], "texture": "#0"},
				"up": {"uv": [9, 2.5, 8.75, 2.25], "texture": "#0"},
				"down": {"uv": [9, 2.5, 8.75, 2.75], "texture": "#0"}
			}
		},
		{
			"from": [7, 27, 6],
			"to": [8, 28, 7],
			"rotation": {"angle": 0, "axis": "y", "origin": [0, -6, 0]},
			"faces": {
				"north": {"uv": [8.75, 2.75, 9, 3], "texture": "#0"},
				"east": {"uv": [8.75, 3, 9, 3.25], "texture": "#0"},
				"south": {"uv": [8.75, 3.25, 9, 3.5], "texture": "#0"},
				"west": {"uv": [8.75, 3.5, 9, 3.75], "texture": "#0"},
				"up": {"uv": [9, 4, 8.75, 3.75], "texture": "#0"},
				"down": {"uv": [9, 5.25, 8.75, 5.5], "texture": "#0"}
			}
		},
		{
			"from": [6, 29, 6],
			"to": [7, 30, 7],
			"rotation": {"angle": 0, "axis": "y", "origin": [0, -6, 0]},
			"faces": {
				"north": {"uv": [5.5, 8.75, 5.75, 9], "texture": "#0"},
				"east": {"uv": [8.75, 5.5, 9, 5.75], "texture": "#0"},
				"south": {"uv": [5.75, 8.75, 6, 9], "texture": "#0"},
				"west": {"uv": [8.75, 5.75, 9, 6], "texture": "#0"},
				"up": {"uv": [6.25, 9, 6, 8.75], "texture": "#0"},
				"down": {"uv": [9, 6, 8.75, 6.25], "texture": "#0"}
			}
		},
		{
			"from": [6, 9, 6],
			"to": [10, 10, 7],
			"rotation": {"angle": 0, "axis": "y", "origin": [0, -6, 0]},
			"faces": {
				"north": {"uv": [8, 5, 9, 5.25], "texture": "#0"},
				"east": {"uv": [7, 5.25, 7.25, 5.5], "texture": "#0"},
				"south": {"uv": [7.5, 8.25, 8.5, 8.5], "texture": "#0"},
				"west": {"uv": [6, 7, 6.25, 7.25], "texture": "#0"},
				"up": {"uv": [9.5, 4.75, 8.5, 4.5], "texture": "#0"},
				"down": {"uv": [9.5, 4.75, 8.5, 5], "texture": "#0"}
			}
		},
		{
			"from": [6, 4, 6],
			"to": [10, 5, 7],
			"rotation": {"angle": 0, "axis": "y", "origin": [0, -6, 0]},
			"faces": {
				"north": {"uv": [8.5, 4.5, 9.5, 4.75], "texture": "#0"},
				"east": {"uv": [7, 5.25, 7.25, 5.5], "texture": "#0"},
				"south": {"uv": [8.5, 4.75, 9.5, 5], "texture": "#0"},
				"west": {"uv": [6, 7, 6.25, 7.25], "texture": "#0"},
				"up": {"uv": [9, 5.25, 8, 5], "texture": "#0"},
				"down": {"uv": [9, 5, 8, 5.25], "texture": "#0"}
			}
		},
		{
			"from": [5, 22, 7],
			"to": [10, 28, 9],
			"rotation": {"angle": 22.5, "axis": "z", "origin": [8, 28, 8]},
			"faces": {
				"north": {"uv": [5, 5.5, 6.25, 7], "texture": "#0"},
				"east": {"uv": [1.5, 7.25, 2, 8.75], "texture": "#0"},
				"south": {"uv": [5.75, 4, 7, 5.5], "texture": "#0"},
				"west": {"uv": [6, 7.25, 6.5, 8.75], "texture": "#0"},
				"up": {"uv": [8.5, 6.75, 7.25, 6.25], "texture": "#0"},
				"down": {"uv": [7.75, 7.25, 6.5, 7.75], "texture": "#0"}
			}
		},
		{
			"from": [5, 28, 7],
			"to": [9, 30, 9],
			"rotation": {"angle": 22.5, "axis": "z", "origin": [8, 28, 8]},
			"faces": {
				"north": {"uv": [8, 0, 9, 0.5], "texture": "#0"},
				"east": {"uv": [8, 4.5, 8.5, 5], "texture": "#0"},
				"south": {"uv": [8, 0.5, 9, 1], "texture": "#0"},
				"west": {"uv": [6.5, 8.25, 7, 8.75], "texture": "#0"},
				"up": {"uv": [9, 1.5, 8, 1], "texture": "#0"},
				"down": {"uv": [9, 1.5, 8, 2], "texture": "#0"}
			}
		},
		{
			"from": [5, 30, 7],
			"to": [8, 32, 9],
			"rotation": {"angle": 22.5, "axis": "z", "origin": [8, 28, 8]},
			"faces": {
				"north": {"uv": [8, 2, 8.75, 2.5], "texture": "#0"},
				"east": {"uv": [8.25, 6.75, 8.75, 7.25], "texture": "#0"},
				"south": {"uv": [8, 2.5, 8.75, 3], "texture": "#0"},
				"west": {"uv": [7, 8.25, 7.5, 8.75], "texture": "#0"},
				"up": {"uv": [8.75, 3.5, 8, 3], "texture": "#0"},
				"down": {"uv": [8.75, 3.5, 8, 4], "texture": "#0"}
			}
		},
		{
			"from": [6, 0, 6],
			"to": [10, 2, 7],
			"faces": {
				"north": {"uv": [10.25, 5.25, 11.25, 5.75], "texture": "#0"},
				"east": {"uv": [10.75, 3.75, 11, 4.25], "texture": "#0"},
				"south": {"uv": [10.25, 4.75, 11.25, 5.25], "texture": "#0"},
				"west": {"uv": [11, 3.75, 11.25, 4.25], "texture": "#0"},
				"up": {"uv": [10.25, 4.25, 11.25, 4.5], "texture": "#0"},
				"down": {"uv": [10.25, 4.5, 11.25, 4.75], "texture": "#0"}
			}
		}
	],
	"display": {
		"thirdperson_righthand": {
			"rotation": [180, 77, 0],
			"translation": [-0.5, 9.5, 0]
		},
		"thirdperson_lefthand": {
			"rotation": [52, 77, 0],
			"translation": [0, -1.75, -1]
		},
		"firstperson_righthand": {
			"rotation": [-148.61, 63.54, -31.7],
			"translation": [2.75, 8.25, -0.5],
			"scale": [0.5, 0.5, 0.5]
		},
		"firstperson_lefthand": {
			"rotation": [22, 77, 0],
			"translation": [2.25, -2, -4]
		},
		"ground": {
			"rotation": [25.65, 5.67, 24.68],
			"translation": [0, 3.75, 0],
			"scale": [0.5, 0.5, 0.5]
		},
		"gui": {
			"rotation": [0, 180, -45],
			"translation": [2.5, -2.5, 0.75],
			"scale": [0.7, 0.7, 0.7]
		},
		"fixed": {
			"rotation": [0, 0, -45],
			"translation": [-2.75, -2.5, 0.75]
		}
	}
}