{
	"credit": "Made with Blockbench",
	"parent": "item/handheld",
	"textures": {
		"layer0": "item/bow"
	},
	"overrides": [
		 {
            "predicate": {
                "pulling": 1
            },
            "model": "item/bow_pulling_0"
        },
        {
            "predicate": {
                "pulling": 1,
                "pull": 0.65
            },
            "model": "item/bow_pulling_1"
        },
        {
            "predicate": {
                "pulling": 1,
                "pull": 0.9
            },
            "model": "item/bow_pulling_2"
        },
		{"predicate": {"custom_model_data":1},"model": "item/bow/1"},
		{"predicate": {"custom_model_data":1,"pulling": 1},"model": "item/bow/1_pulling_0"},
		{"predicate": {"custom_model_data":1,"pulling": 1,"pull": 0.65},"model": "item/bow/1_pulling_1"},
		{"predicate": {"custom_model_data":1,"pulling": 1,"pull": 0.9},"model": "item/bow/1_pulling_2"},
		
		{"predicate": {"custom_model_data": 2}, "model": "item/bow/2"},
		{"predicate": {"custom_model_data": 3}, "model": "item/bow/3"},
		{"predicate": {"custom_model_data": 4}, "model": "item/bow/4"},
		{"predicate": {"custom_model_data": 5}, "model": "item/bow/5"},
		{"predicate": {"custom_model_data": 6}, "model": "item/bow/6"},
		{"predicate": {"custom_model_data": 7}, "model": "item/bow/7"},
		{"predicate": {"custom_model_data": 8}, "model": "item/bow/8"},
		{"predicate": {"custom_model_data": 9}, "model": "item/bow/9"},
		{"predicate": {"custom_model_data": 10}, "model": "item/bow/10"},
		{"predicate": {"custom_model_data": 11}, "model": "item/bow/11"},
		{"predicate": {"custom_model_data": 12}, "model": "item/bow/12"},
		{"predicate": {"custom_model_data": 13}, "model": "item/bow/13"},
		{"predicate": {"custom_model_data": 14}, "model": "item/bow/14"},
		{"predicate": {"custom_model_data": 15}, "model": "item/bow/15"},
		{"predicate": {"custom_model_data": 16}, "model": "item/bow/16"},
		{"predicate": {"custom_model_data": 17}, "model": "item/bow/17"},
		{"predicate": {"custom_model_data": 18}, "model": "item/bow/18"},
		{"predicate": {"custom_model_data": 19}, "model": "item/bow/19"},
		{"predicate": {"custom_model_data": 20}, "model": "item/bow/20"}
	
	],
	"display": {
		"thirdperson_righthand": {
			"rotation": [-80, 260, -40],
			"translation": [-1, -2, 2.5],
			"scale": [0.9, 0.9, 0.9]
		},
		"thirdperson_lefthand": {
			"rotation": [-80, -280, 40],
			"translation": [-1, -2, 2.5],
			"scale": [0.9, 0.9, 0.9]
		},
		"firstperson_righthand": {
			"rotation": [0, -90, 25],
			"translation": [1.13, 3.2, 1.13],
			"scale": [0.68, 0.68, 0.68]
		},
		"firstperson_lefthand": {
			"rotation": [0, 90, -25],
			"translation": [1.13, 3.2, 1.13],
			"scale": [0.68, 0.68, 0.68]
		}
	}
}
