{
	"parent": "item/handheld",
	"textures": {
		"layer0": "item/netherite_shovel"
	},
	
	"overrides": [
		{"predicate": {"custom_model_data":1}, "model": "item/netherite_shovel/1"},
		{"predicate": {"custom_model_data":2}, "model": "item/netherite_shovel/2"},
		{"predicate": {"custom_model_data":3}, "model": "item/netherite_shovel/3"},
		{"predicate": {"custom_model_data":4}, "model": "item/netherite_shovel/4"},
		{"predicate": {"custom_model_data":5}, "model": "item/netherite_shovel/5"},
		{"predicate": {"custom_model_data":6}, "model": "item/netherite_shovel/6"},
		{"predicate": {"custom_model_data":7}, "model": "item/netherite_shovel/7"},
		{"predicate": {"custom_model_data":8}, "model": "item/netherite_shovel/8"},
		{"predicate": {"custom_model_data":9}, "model": "item/netherite_shovel/9"},
		{"predicate": {"custom_model_data":10}, "model": "item/netherite_shovel/10"},
		{"predicate": {"custom_model_data":11}, "model": "item/netherite_shovel/11"},
		{"predicate": {"custom_model_data":12}, "model": "item/netherite_shovel/12"},
		{"predicate": {"custom_model_data":13}, "model": "item/netherite_shovel/13"},
		{"predicate": {"custom_model_data":14}, "model": "item/netherite_shovel/14"},
		{"predicate": {"custom_model_data":15}, "model": "item/netherite_shovel/15"},
		{"predicate": {"custom_model_data":16}, "model": "item/netherite_shovel/16"},
		{"predicate": {"custom_model_data":17}, "model": "item/netherite_shovel/17"},
		{"predicate": {"custom_model_data":18}, "model": "item/netherite_shovel/18"},
		{"predicate": {"custom_model_data":19}, "model": "item/netherite_shovel/19"},
		{"predicate": {"custom_model_data":20}, "model": "item/netherite_shovel/20"}
	]
}