{
	"parent": "item/handheld",
	"textures": {
		"layer0": "item/netherite_sword"
	},
	
	"overrides": [
		{"predicate": {"custom_model_data":1}, "model": "item/netherite_sword/1"},
		{"predicate": {"custom_model_data":2}, "model": "item/netherite_sword/2"},
		{"predicate": {"custom_model_data":3}, "model": "item/netherite_sword/3"},
		{"predicate": {"custom_model_data":4}, "model": "item/netherite_sword/4"},
		{"predicate": {"custom_model_data":5}, "model": "item/netherite_sword/5"},
		{"predicate": {"custom_model_data":6}, "model": "item/netherite_sword/6"},
		{"predicate": {"custom_model_data":7}, "model": "item/netherite_sword/7"},
		{"predicate": {"custom_model_data":8}, "model": "item/netherite_sword/8"},
		{"predicate": {"custom_model_data":9}, "model": "item/netherite_sword/9"},
		{"predicate": {"custom_model_data":10}, "model": "item/netherite_sword/10"},
		{"predicate": {"custom_model_data":11}, "model": "item/netherite_sword/11"},
		{"predicate": {"custom_model_data":12}, "model": "item/netherite_sword/12"},
		{"predicate": {"custom_model_data":13}, "model": "item/netherite_sword/13"},
		{"predicate": {"custom_model_data":14}, "model": "item/netherite_sword/14"},
		{"predicate": {"custom_model_data":15}, "model": "item/netherite_sword/15"},
		{"predicate": {"custom_model_data":16}, "model": "item/netherite_sword/16"},
		{"predicate": {"custom_model_data":17}, "model": "item/netherite_sword/17"},
		{"predicate": {"custom_model_data":18}, "model": "item/netherite_sword/18"},
		{"predicate": {"custom_model_data":19}, "model": "item/netherite_sword/19"},
		{"predicate": {"custom_model_data":20}, "model": "item/netherite_sword/20"}
	]
}