{
	"parent": "item/handheld",
	"textures": {
		"layer0": "item/netherite_axe"
	},
	
	"overrides": [
		{"predicate": {"custom_model_data":1}, "model": "item/netherite_axe/1"},
		{"predicate": {"custom_model_data":2}, "model": "item/netherite_axe/2"},
		{"predicate": {"custom_model_data":3}, "model": "item/netherite_axe/3"},
		{"predicate": {"custom_model_data":4}, "model": "item/netherite_axe/4"},
		{"predicate": {"custom_model_data":5}, "model": "item/netherite_axe/5"},
		{"predicate": {"custom_model_data":6}, "model": "item/netherite_axe/6"},
		{"predicate": {"custom_model_data":7}, "model": "item/netherite_axe/7"},
		{"predicate": {"custom_model_data":8}, "model": "item/netherite_axe/8"},
		{"predicate": {"custom_model_data":9}, "model": "item/netherite_axe/9"},
		{"predicate": {"custom_model_data":10}, "model": "item/netherite_axe/10"},
		{"predicate": {"custom_model_data":11}, "model": "item/netherite_axe/11"},
		{"predicate": {"custom_model_data":12}, "model": "item/netherite_axe/12"},
		{"predicate": {"custom_model_data":13}, "model": "item/netherite_axe/13"},
		{"predicate": {"custom_model_data":14}, "model": "item/netherite_axe/14"},
		{"predicate": {"custom_model_data":15}, "model": "item/netherite_axe/15"},
		{"predicate": {"custom_model_data":16}, "model": "item/netherite_axe/16"},
		{"predicate": {"custom_model_data":17}, "model": "item/netherite_axe/17"},
		{"predicate": {"custom_model_data":18}, "model": "item/netherite_axe/18"},
		{"predicate": {"custom_model_data":19}, "model": "item/netherite_axe/19"},
		{"predicate": {"custom_model_data":20}, "model": "item/netherite_axe/20"}
	]
}