{
  "parent": "minecraft:item/generated",
  "textures": {
    "layer0": "minecraft:item/totem_of_undying"

	},
	
	"overrides": [
		{"predicate": {"custom_model_data":1}, "model": "item/totem_of_undying/1"},
		{"predicate": {"custom_model_data":2}, "model": "item/totem_of_undying/2"},
		{"predicate": {"custom_model_data":3}, "model": "item/totem_of_undying/3"},
		{"predicate": {"custom_model_data":4}, "model": "item/totem_of_undying/4"},
		{"predicate": {"custom_model_data":5}, "model": "item/totem_of_undying/5"},
		{"predicate": {"custom_model_data":6}, "model": "item/totem_of_undying/6"},
		{"predicate": {"custom_model_data":7}, "model": "item/totem_of_undying/7"},
		{"predicate": {"custom_model_data":8}, "model": "item/totem_of_undying/8"},
		{"predicate": {"custom_model_data":9}, "model": "item/totem_of_undying/9"},
		{"predicate": {"custom_model_data":10}, "model": "item/totem_of_undying/10"},
		{"predicate": {"custom_model_data":11}, "model": "item/totem_of_undying/11"},
		{"predicate": {"custom_model_data":12}, "model": "item/totem_of_undying/12"},
		{"predicate": {"custom_model_data":13}, "model": "item/totem_of_undying/13"},
		{"predicate": {"custom_model_data":14}, "model": "item/totem_of_undying/14"},
		{"predicate": {"custom_model_data":15}, "model": "item/totem_of_undying/15"},
		{"predicate": {"custom_model_data":16}, "model": "item/totem_of_undying/16"},
		{"predicate": {"custom_model_data":17}, "model": "item/totem_of_undying/17"},
		{"predicate": {"custom_model_data":18}, "model": "item/totem_of_undying/18"},
		{"predicate": {"custom_model_data":19}, "model": "item/totem_of_undying/19"},
		{"predicate": {"custom_model_data":20}, "model": "item/totem_of_undying/20"}
	]
}