{
	"credit": "Made with Blockbench",
	"texture_size": [64, 64],
	"textures": {
		"0": "item/netherite_pickaxe/1",
		"particle": "item/netherite_pickaxe/1"
	},
	"elements": [
		{
			"from": [-11, 0, 8],
			"to": [-6, 12, 8],
			"rotation": {"angle": 0, "axis": "y", "origin": [-4, 0, 0]},
			"faces": {
				"north": {"uv": [1, 4.25, 2.25, 7.25], "texture": "#0"},
				"east": {"uv": [0, 0, 0, 3], "texture": "#0"},
				"south": {"uv": [2.25, 4.25, 3.5, 7.25], "texture": "#0"},
				"west": {"uv": [0, 0, 0, 3], "texture": "#0"},
				"up": {"uv": [1.25, 0, 0, 0], "texture": "#0"},
				"down": {"uv": [1.25, 0, 0, 0], "texture": "#0"}
			}
		},
		{
			"from": [10, 6, 8],
			"to": [15, 18, 8],
			"rotation": {"angle": 22.5, "axis": "z", "origin": [12.5, 12, 8]},
			"faces": {
				"north": {"uv": [5, 3.25, 6.25, 6.25], "texture": "#0"},
				"east": {"uv": [0, 0, 0, 3], "texture": "#0"},
				"south": {"uv": [6.25, 3.25, 7.5, 6.25], "texture": "#0"},
				"west": {"uv": [0, 0, 0, 3], "texture": "#0"},
				"up": {"uv": [1.25, 0, 0, 0], "texture": "#0"},
				"down": {"uv": [1.25, 0, 0, 0], "texture": "#0"}
			}
		},
		{
			"from": [10, 6, -2],
			"to": [15, 6, 5],
			"rotation": {"angle": -22.5, "axis": "x", "origin": [12.5, 6, 5]},
			"faces": {
				"north": {"uv": [0, 0, 1.25, 0], "texture": "#0"},
				"east": {"uv": [0, 0, 1.75, 0], "texture": "#0"},
				"south": {"uv": [0, 0, 1.25, 0], "texture": "#0"},
				"west": {"uv": [0, 0, 1.75, 0], "texture": "#0"},
				"up": {"uv": [6.25, 6.25, 5, 8], "texture": "#0"},
				"down": {"uv": [3.5, 7.25, 2.25, 9], "texture": "#0"}
			}
		},
		{
			"from": [10, 6, 11],
			"to": [15, 6, 18],
			"rotation": {"angle": 22.5, "axis": "x", "origin": [12.5, 6, 11]},
			"faces": {
				"north": {"uv": [0, 0, 1.25, 0], "texture": "#0"},
				"east": {"uv": [0, 0, 1.75, 0], "texture": "#0"},
				"south": {"uv": [0, 0, 1.25, 0], "texture": "#0"},
				"west": {"uv": [0, 0, 1.75, 0], "texture": "#0"},
				"up": {"uv": [6.25, 8, 5, 6.25], "texture": "#0"},
				"down": {"uv": [7.5, 6.25, 6.25, 8], "texture": "#0"}
			}
		},
		{
			"from": [-6, 4, 7],
			"to": [-1, 8, 9],
			"rotation": {"angle": 0, "axis": "y", "origin": [-4, 0, 0]},
			"faces": {
				"north": {"uv": [7.5, 4.5, 8.75, 5.5], "texture": "#0"},
				"east": {"uv": [3.5, 4.25, 4, 5.25], "texture": "#0"},
				"south": {"uv": [7.5, 5.5, 8.75, 6.5], "texture": "#0"},
				"west": {"uv": [3.5, 5.25, 4, 6.25], "texture": "#0"},
				"up": {"uv": [10, 7, 8.75, 6.5], "texture": "#0"},
				"down": {"uv": [10, 7, 8.75, 7.5], "texture": "#0"}
			}
		},
		{
			"from": [-1, 4, 6],
			"to": [4, 8, 10],
			"rotation": {"angle": 0, "axis": "y", "origin": [-4, 0, 0]},
			"faces": {
				"north": {"uv": [7.5, 6.5, 8.75, 7.5], "texture": "#0"},
				"east": {"uv": [6.25, 8, 7.25, 9], "texture": "#0"},
				"south": {"uv": [7.5, 7.5, 8.75, 8.5], "texture": "#0"},
				"west": {"uv": [8.25, 1, 9.25, 2], "texture": "#0"},
				"up": {"uv": [9.25, 1, 8, 0], "texture": "#0"},
				"down": {"uv": [6.25, 8, 5, 9], "texture": "#0"}
			}
		},
		{
			"from": [1, 5, 4],
			"to": [3, 5, 6],
			"rotation": {"angle": -22.5, "axis": "x", "origin": [2, 5, 6]},
			"faces": {
				"north": {"uv": [0, 0, 0.5, 0], "texture": "#0"},
				"east": {"uv": [0, 0, 0.5, 0], "texture": "#0"},
				"south": {"uv": [0, 0, 0.5, 0], "texture": "#0"},
				"west": {"uv": [0, 0, 0.5, 0], "texture": "#0"},
				"up": {"uv": [4, 6.75, 3.5, 6.25], "texture": "#0"},
				"down": {"uv": [4, 6.75, 3.5, 7.25], "texture": "#0"}
			}
		},
		{
			"from": [1, 5, 10],
			"to": [3, 5, 12],
			"rotation": {"angle": 22.5, "axis": "x", "origin": [2, 5, 10]},
			"faces": {
				"north": {"uv": [0, 0, 0.5, 0], "texture": "#0"},
				"east": {"uv": [0, 0, 0.5, 0], "texture": "#0"},
				"south": {"uv": [0, 0, 0.5, 0], "texture": "#0"},
				"west": {"uv": [0, 0, 0.5, 0], "texture": "#0"},
				"up": {"uv": [9.25, 8, 8.75, 7.5], "texture": "#0"},
				"down": {"uv": [9.25, 8, 8.75, 8.5], "texture": "#0"}
			}
		},
		{
			"from": [4, 4, 5],
			"to": [20, 9, 11],
			"rotation": {"angle": 0, "axis": "y", "origin": [-4, 0, 0]},
			"faces": {
				"north": {"uv": [0, 3, 4, 4.25], "texture": "#0"},
				"east": {"uv": [7.5, 3.25, 9, 4.5], "texture": "#0"},
				"south": {"uv": [4, 0, 8, 1.25], "texture": "#0"},
				"west": {"uv": [3.5, 7.5, 5, 8.75], "texture": "#0"},
				"up": {"uv": [4, 1.5, 0, 0], "texture": "#0"},
				"down": {"uv": [4, 1.5, 0, 3], "texture": "#0"}
			}
		},
		{
			"from": [20, 4, 6],
			"to": [23, 8, 10],
			"rotation": {"angle": 0, "axis": "y", "origin": [-4, 0, 0]},
			"faces": {
				"north": {"uv": [3.5, 8.75, 4.25, 9.75], "texture": "#0"},
				"east": {"uv": [8.25, 2, 9.25, 3], "texture": "#0"},
				"south": {"uv": [4.25, 8.75, 5, 9.75], "texture": "#0"},
				"west": {"uv": [0, 8.5, 1, 9.5], "texture": "#0"},
				"up": {"uv": [9.5, 5.5, 8.75, 4.5], "texture": "#0"},
				"down": {"uv": [9.5, 5.5, 8.75, 6.5], "texture": "#0"}
			}
		},
		{
			"from": [23, 4, 0],
			"to": [27, 8, 17],
			"rotation": {"angle": 0, "axis": "y", "origin": [-4, 0, 0]},
			"faces": {
				"north": {"uv": [7.25, 8.5, 8.25, 9.5], "texture": "#0"},
				"east": {"uv": [4, 1.25, 8.25, 2.25], "texture": "#0"},
				"south": {"uv": [8.25, 8.5, 9.25, 9.5], "texture": "#0"},
				"west": {"uv": [4, 2.25, 8.25, 3.25], "texture": "#0"},
				"up": {"uv": [5, 7.5, 4, 3.25], "texture": "#0"},
				"down": {"uv": [1, 4.25, 0, 8.5], "texture": "#0"}
			}
		}
	],
	"display": {
		"thirdperson_righthand": {
			"rotation": [0, 180, 90],
			"translation": [2, -1.75, 0]
		},
		"thirdperson_lefthand": {
			"rotation": [180, 180, 90],
			"translation": [2, -1.75, 0]
		},
		"firstperson_righthand": {
			"rotation": [57, 93, 0],
			"translation": [7.75, 0, 0.75]
		},
		"firstperson_lefthand": {
			"rotation": [4, -89, -57],
			"translation": [9.75, -1.75, 0.5]
		},
		"ground": {
			"scale": [0.5, 0.5, 0.5]
		},
		"gui": {
			"rotation": [36, -41, 0],
			"translation": [0, 1.5, 0]
		},
		"fixed": {
			"rotation": [-90, 0, 0],
			"translation": [-3.5, 0, -3.75]
		}
	}
}