{
	"credit": "Made with Blockbench",
	"texture_size": [32, 32],
	"textures": {
		"0": "item/netherite_shovel/1",
		"particle": "item/netherite_shovel/1"
	},
	"elements": [
		{
			"from": [7.5, 3, 7.5],
			"to": [8.5, 18, 8.5],
			"faces": {
				"north": {"uv": [5, 0, 5.5, 7.5], "texture": "#0"},
				"east": {"uv": [5.5, 0, 6, 7.5], "texture": "#0"},
				"south": {"uv": [0, 6, 0.5, 13.5], "texture": "#0"},
				"west": {"uv": [6, 0, 6.5, 7.5], "texture": "#0"},
				"up": {"uv": [8, 3.5, 7.5, 3], "texture": "#0"},
				"down": {"uv": [8, 3.5, 7.5, 4], "texture": "#0"}
			}
		},
		{
			"from": [5.5, 15, 8],
			"to": [10.5, 23, 8.01],
			"faces": {
				"north": {"uv": [0, 0, 2.5, 4], "texture": "#0"},
				"east": {"uv": [13.03571, 4, 11.34615, 10], "texture": "#0"},
				"south": {"uv": [0, 0, 2.5, 4], "texture": "#0"},
				"west": {"uv": [13.03571, 4, 11.34615, 10], "texture": "#0"},
				"up": {"uv": [15.5, 4, 11.53571, 6.06723], "texture": "#0"},
				"down": {"uv": [15.5, 4, 11.53571, 6.06723], "texture": "#0"}
			}
		},
		{
			"from": [10.5, 15, 7.5],
			"to": [11.5, 20, 8.5],
			"faces": {
				"north": {"uv": [3, 6, 3.5, 8.5], "texture": "#0"},
				"east": {"uv": [3.5, 6, 4, 8.5], "texture": "#0"},
				"south": {"uv": [4, 6, 4.5, 8.5], "texture": "#0"},
				"west": {"uv": [4.5, 6, 5, 8.5], "texture": "#0"},
				"up": {"uv": [5.5, 8, 5, 7.5], "texture": "#0"},
				"down": {"uv": [8, 5, 7.5, 5.5], "texture": "#0"}
			}
		},
		{
			"from": [10.5, 20, 7.505],
			"to": [11.5, 24, 8.515],
			"rotation": {"angle": 45, "axis": "z", "origin": [11.5, 20, 8]},
			"faces": {
				"north": {"uv": [2.5, 7, 3, 9], "texture": "#0"},
				"east": {"uv": [7, 3, 7.5, 5], "texture": "#0"},
				"south": {"uv": [7, 5, 7.5, 7], "texture": "#0"},
				"west": {"uv": [7, 7, 7.5, 9], "texture": "#0"},
				"up": {"uv": [8, 7, 7.5, 6.5], "texture": "#0"},
				"down": {"uv": [8, 7, 7.5, 7.5], "texture": "#0"}
			}
		},
		{
			"from": [4.5, 15, 7.5],
			"to": [5.5, 20, 8.5],
			"faces": {
				"north": {"uv": [6.5, 1, 7, 3.5], "texture": "#0"},
				"east": {"uv": [6.5, 3.5, 7, 6], "texture": "#0"},
				"south": {"uv": [6.5, 6, 7, 8.5], "texture": "#0"},
				"west": {"uv": [0.5, 7, 1, 9.5], "texture": "#0"},
				"up": {"uv": [6, 8, 5.5, 7.5], "texture": "#0"},
				"down": {"uv": [8, 5.5, 7.5, 6], "texture": "#0"}
			}
		},
		{
			"from": [4.5, 20, 7.505],
			"to": [5.5, 24, 8.515],
			"rotation": {"angle": -45, "axis": "z", "origin": [4.5, 20, 8]},
			"faces": {
				"north": {"uv": [1, 7, 1.5, 9], "texture": "#0"},
				"east": {"uv": [7, 1, 7.5, 3], "texture": "#0"},
				"south": {"uv": [1.5, 7, 2, 9], "texture": "#0"},
				"west": {"uv": [2, 7, 2.5, 9], "texture": "#0"},
				"up": {"uv": [6.5, 8, 6, 7.5], "texture": "#0"},
				"down": {"uv": [8, 6, 7.5, 6.5], "texture": "#0"}
			}
		},
		{
			"from": [7.32518, 22.00343, 7.5],
			"to": [8.67518, 22.82843, 8.5],
			"rotation": {"angle": 0, "axis": "z", "origin": [8.00018, 22.82843, 8]},
			"faces": {
				"north": {"uv": [7.5, 7.5, 8, 8], "texture": "#0"},
				"east": {"uv": [8, 3, 8.5, 3.5], "texture": "#0"},
				"south": {"uv": [8, 3.5, 8.5, 4], "texture": "#0"},
				"west": {"uv": [8, 4, 8.5, 4.5], "texture": "#0"},
				"up": {"uv": [8.5, 5, 8, 4.5], "texture": "#0"},
				"down": {"uv": [5.5, 8, 5, 8.5], "texture": "#0"}
			}
		},
		{
			"from": [5.5, 7, 7],
			"to": [10.5, 7.01, 9],
			"faces": {
				"north": {"uv": [0, 0, 2.5, 0], "texture": "#0"},
				"east": {"uv": [0, 0, 1, 0], "texture": "#0"},
				"south": {"uv": [0, 0, 2.5, 0], "texture": "#0"},
				"west": {"uv": [0, 0, 1, 0], "texture": "#0"},
				"up": {"uv": [3, 7, 0.5, 6], "texture": "#0"},
				"down": {"uv": [3, 6, 0.5, 7], "texture": "#0"}
			}
		},
		{
			"from": [6.5, 0, 7.5],
			"to": [9.5, 1, 8.5],
			"faces": {
				"north": {"uv": [7.5, 1, 9, 1.5], "texture": "#0"},
				"east": {"uv": [7.5, 4, 8, 4.5], "texture": "#0"},
				"south": {"uv": [7.5, 1.5, 9, 2], "texture": "#0"},
				"west": {"uv": [7.5, 4.5, 8, 5], "texture": "#0"},
				"up": {"uv": [9, 2.5, 7.5, 2], "texture": "#0"},
				"down": {"uv": [9, 2.5, 7.5, 3], "texture": "#0"}
			}
		},
		{
			"from": [5.5, 0, 8],
			"to": [10.5, 4, 8.01],
			"faces": {
				"north": {"uv": [0, 4, 2.5, 6], "texture": "#0"},
				"east": {"uv": [0, 0, 0, 2], "texture": "#0"},
				"south": {"uv": [0, 4, 2.5, 6], "texture": "#0"},
				"west": {"uv": [0, 0, 0, 2], "texture": "#0"},
				"up": {"uv": [2.5, 0, 0, 0], "texture": "#0"},
				"down": {"uv": [2.5, 0, 0, 0], "texture": "#0"}
			}
		}
	],
	"display": {
		"thirdperson_righthand": {
			"rotation": [0, -85, 0],
			"translation": [-0.5, 1.75, 1]
		},
		"thirdperson_lefthand": {
			"rotation": [0, -85, 0],
			"translation": [-0.5, 1.75, 1]
		},
		"firstperson_righthand": {
			"rotation": [0, -96, 6],
			"translation": [2.25, 1.75, 0]
		},
		"firstperson_lefthand": {
			"rotation": [0, -96, 6],
			"translation": [2.25, 1.75, 0]
		},
		"ground": {
			"translation": [0, 4.75, 0]
		},
		"gui": {
			"rotation": [0, 0, -45],
			"translation": [-1.75, -1.75, -0.25]
		},
		"fixed": {
			"rotation": [0, 0, -45],
			"translation": [-1.75, -1.75, -0.25]
		}
	}
}