{
	"credit": "Made with Blockbench",
	"texture_size": [32, 32],
	"textures": {
		"0": "item/carved_pumpkin/1",
		"particle": "item/carved_pumpkin/1"
	},
	"elements": [
		{
			"from": [0, 0, 0],
			"to": [5, 9, 5],
			"faces": {
				"north": {"uv": [0, 0, 2.5, 4.5], "texture": "#0"},
				"east": {"uv": [2.5, 0, 5, 4.5], "texture": "#0"},
				"south": {"uv": [0, 4.5, 2.5, 9], "texture": "#0"},
				"west": {"uv": [2.5, 4.5, 5, 9], "texture": "#0"},
				"up": {"uv": [7.5, 2.5, 5, 0], "texture": "#0"},
				"down": {"uv": [7.5, 2.5, 5, 5], "texture": "#0"}
			}
		}
	],
	"display": {
		"thirdperson_righthand": {
			"translation": [5.5, 0, 5.5]
		},
		"thirdperson_lefthand": {
			"translation": [-5.5, 0, 5.5]
		},
		"firstperson_righthand": {
			"translation": [10.25, 1.25, 0]
		},
		"ground": {
			"translation": [5.5, 5.25, 5.25]
		},
		"gui": {
			"rotation": [24, 156, -1],
			"translation": [-5.5, 11.75, 0],
			"scale": [2, 2, 2]
		},
		"head": {
			"translation": [22, 7.5, 11.5],
			"scale": [1.5, 1.5, 1.5]
		},
		"fixed": {
			"translation": [11, 7.5, 12.25],
			"scale": [2, 2, 2]
		}
	}
}