{
	"credit": "Made with Blockbench",
	"texture_size": [32, 32],
	"textures": {
		"0": "item/carved_pumpkin/2",
		"particle": "item/carved_pumpkin/2"
	},
	"elements": [
		{
			"from": [0, 0, 0],
			"to": [1, 1, 0.5],
			"faces": {
				"north": {"uv": [2.5, 6, 3, 6.5], "texture": "#0"},
				"east": {"uv": [1, 6.5, 1.25, 7], "texture": "#0"},
				"south": {"uv": [0.5, 5.5, 1, 6], "texture": "#0"},
				"west": {"uv": [2, 7, 2.25, 7.5], "texture": "#0"},
				"up": {"uv": [1, 8, 1.5, 8.25], "texture": "#0"},
				"down": {"uv": [1.5, 5, 2, 5.25], "texture": "#0"}
			}
		},
		{
			"from": [-0.25, -0.25, 0.5],
			"to": [1.25, 1.25, 1.5],
			"faces": {
				"north": {"uv": [15, 0, 16, 1], "texture": "#0"},
				"east": {"uv": [15, 2.5, 14.5, 1.5], "texture": "#0"},
				"south": {"uv": [15, 0, 16, 1], "texture": "#0"},
				"west": {"uv": [14.5, 1.5, 15, 2.5], "texture": "#0"},
				"up": {"uv": [13, 1.5, 14, 2], "texture": "#0"},
				"down": {"uv": [13, 2, 14, 1.5], "texture": "#0"}
			}
		},
		{
			"from": [-0.25, -0.17, 1],
			"to": [1.25, 1.33, 4],
			"rotation": {"angle": 22.5, "axis": "x", "origin": [0.5, 0.5, 1]},
			"faces": {
				"north": {"uv": [14, 5, 15, 6], "texture": "#0"},
				"east": {"uv": [16, 7, 14, 8], "rotation": 180, "texture": "#0"},
				"south": {"uv": [14, 3, 15, 4], "texture": "#0"},
				"west": {"uv": [14, 8, 16, 7], "rotation": 180, "texture": "#0"},
				"up": {"uv": [14, 6, 13, 4], "texture": "#0"},
				"down": {"uv": [13, 4, 14, 6], "texture": "#0"}
			}
		},
		{
			"from": [-0.25, 1.33, 1],
			"to": [1.25, 1.33, 4],
			"rotation": {"angle": 0, "axis": "x", "origin": [0.5, 0.5, 1]},
			"faces": {
				"north": {"uv": [14, 5, 15, 6], "texture": "#0"},
				"east": {"uv": [16, 7, 14, 8], "rotation": 180, "texture": "#0"},
				"south": {"uv": [14, 3, 15, 4], "texture": "#0"},
				"west": {"uv": [14, 7, 16, 8], "rotation": 180, "texture": "#0"},
				"up": {"uv": [13, 6, 14, 4], "texture": "#0"},
				"down": {"uv": [13, 4, 14, 6], "texture": "#0"}
			}
		},
		{
			"from": [-0.33, -0.25, 1],
			"to": [-0.33, 1.25, 4],
			"rotation": {"angle": -22.5, "axis": "y", "origin": [0.5, 0.5, 1]},
			"faces": {
				"north": {"uv": [14, 5, 15, 6], "rotation": 90, "texture": "#0"},
				"east": {"uv": [13, 4, 14, 6], "rotation": 270, "texture": "#0"},
				"south": {"uv": [14, 3, 15, 4], "rotation": 270, "texture": "#0"},
				"west": {"uv": [13, 6, 14, 4], "rotation": 270, "texture": "#0"},
				"up": {"uv": [16, 7, 14, 8], "rotation": 90, "texture": "#0"},
				"down": {"uv": [14, 7, 16, 8], "rotation": 90, "texture": "#0"}
			}
		},
		{
			"from": [1.33, -0.25, 1],
			"to": [1.33, 1.25, 4],
			"rotation": {"angle": 22.5, "axis": "y", "origin": [0.5, 0.5, 1]},
			"faces": {
				"north": {"uv": [14, 5, 15, 6], "rotation": 270, "texture": "#0"},
				"east": {"uv": [13, 6, 14, 4], "rotation": 90, "texture": "#0"},
				"south": {"uv": [14, 3, 15, 4], "rotation": 90, "texture": "#0"},
				"west": {"uv": [13, 4, 14, 6], "rotation": 90, "texture": "#0"},
				"up": {"uv": [14, 7, 16, 8], "rotation": 270, "texture": "#0"},
				"down": {"uv": [16, 7, 14, 8], "rotation": 270, "texture": "#0"}
			}
		}
	],
	"display": {
		"thirdperson_righthand": {
			"translation": [7.25, 7.75, 5.75]
		},
		"thirdperson_lefthand": {
			"translation": [-8, 5.5, 5.5]
		},
		"firstperson_righthand": {
			"translation": [28, 11, 0.5],
			"scale": [2, 2, 2]
		},
		"firstperson_lefthand": {
			"translation": [6.75, 4.75, 3.25]
		},
		"ground": {
			"translation": [7.5, 6, 4.5]
		},
		"gui": {
			"rotation": [64, -46, 0],
			"translation": [3, -15.25, 30.75],
			"scale": [3, 3, 3]
		},
		"head": {
			"rotation": [22.5, 0, 0],
			"translation": [18.75, 8, 31.5],
			"scale": [2.5, 2.5, 2.5]
		},
		"fixed": {
			"rotation": [64, -46, 0],
			"translation": [4.25, -12.75, 30.75],
			"scale": [3, 3, 3]
		}
	}
}