{
	"credit": "Made with Blockbench",
	"texture_size": [32, 32],
	"textures": {
		"0": "item/carved_pumpkin/3",
		"1": "item/carved_pumpkin/trail",
		"particle": "item/carved_pumpkin/3"
	},
	"elements": [
		{
			"from": [0, 0, 0],
			"to": [1, 8, 6],
			"faces": {
				"north": {"uv": [9, 4, 9.5, 8], "texture": "#0"},
				"east": {"uv": [0, 0, 3, 4], "texture": "#0"},
				"south": {"uv": [9, 8, 9.5, 12], "texture": "#0"},
				"west": {"uv": [3, 0, 6, 4], "texture": "#0"},
				"up": {"uv": [11, 3, 10.5, 0], "texture": "#0"},
				"down": {"uv": [11, 3, 10.5, 6], "texture": "#0"}
			}
		},
		{
			"from": [7, 0, 0],
			"to": [8, 8, 6],
			"faces": {
				"north": {"uv": [9.5, 4, 10, 8], "texture": "#0"},
				"east": {"uv": [0, 4, 3, 8], "texture": "#0"},
				"south": {"uv": [9.5, 8, 10, 12], "texture": "#0"},
				"west": {"uv": [3, 4, 6, 8], "texture": "#0"},
				"up": {"uv": [0.5, 14, 0, 11], "texture": "#0"},
				"down": {"uv": [11.5, 0, 11, 3], "texture": "#0"}
			}
		},
		{
			"from": [1, 0, 0],
			"to": [7, 8, 1],
			"rotation": {"angle": 0, "axis": "x", "origin": [4, 0, 0]},
			"faces": {
				"north": {"uv": [6, 0, 9, 4], "texture": "#0"},
				"east": {"uv": [10, 0, 10.5, 4], "texture": "#0"},
				"south": {"uv": [6, 4, 9, 8], "texture": "#0"},
				"west": {"uv": [10, 4, 10.5, 8], "texture": "#0"},
				"up": {"uv": [13.5, 6.5, 10.5, 6], "texture": "#0"},
				"down": {"uv": [13.5, 6.5, 10.5, 7], "texture": "#0"}
			}
		},
		{
			"from": [1, 7, 1],
			"to": [7, 8, 7],
			"faces": {
				"north": {"uv": [10.5, 7, 13.5, 7.5], "texture": "#0"},
				"east": {"uv": [10.5, 7.5, 13.5, 8], "texture": "#0"},
				"south": {"uv": [0.5, 11, 3.5, 11.5], "texture": "#0"},
				"west": {"uv": [11, 3, 14, 3.5], "texture": "#0"},
				"up": {"uv": [3, 11, 0, 8], "texture": "#0"},
				"down": {"uv": [6, 8, 3, 11], "texture": "#0"}
			}
		},
		{
			"from": [3, 0, -0.5],
			"to": [5, 8, 1.5],
			"rotation": {"angle": 45, "axis": "y", "origin": [4, 4, 0.5]},
			"faces": {
				"north": {"uv": [9, 0, 10, 4], "texture": "#0"},
				"east": {"uv": [6, 8, 7, 12], "texture": "#0"},
				"south": {"uv": [7, 8, 8, 12], "texture": "#0"},
				"west": {"uv": [8, 8, 9, 12], "texture": "#0"},
				"up": {"uv": [4.5, 12, 3.5, 11], "rotation": 90, "texture": "#0"},
				"down": {"uv": [12, 3.5, 11, 4.5], "rotation": 270, "texture": "#0"}
			}
		},
		{
			"from": [3, 8, 2],
			"to": [5, 9, 6],
			"rotation": {"angle": -22.5, "axis": "x", "origin": [4.5, 7.5, 4.5]},
			"faces": {
				"north": {"uv": [4.5, 11, 5.5, 11.5], "texture": "#0"},
				"east": {"uv": [11, 4.5, 13, 5], "texture": "#0"},
				"south": {"uv": [11, 5.5, 12, 6], "texture": "#0"},
				"west": {"uv": [11, 5, 13, 5.5], "texture": "#0"},
				"up": {"uv": [11, 10, 10, 8], "texture": "#0"},
				"down": {"uv": [11, 10, 10, 12], "texture": "#0"}
			}
		},
		{
			"from": [3.5, 8.5, 6],
			"to": [4.5, 9, 8],
			"rotation": {"angle": -22.5, "axis": "x", "origin": [4.5, 7.5, 4.5]},
			"faces": {
				"north": {"uv": [11, 10, 11.5, 10.5], "texture": "#0"},
				"east": {"uv": [11, 8, 12, 8.5], "texture": "#0"},
				"south": {"uv": [11, 10.5, 11.5, 11], "texture": "#0"},
				"west": {"uv": [11, 8.5, 12, 9], "texture": "#0"},
				"up": {"uv": [6, 12, 5.5, 11], "texture": "#0"},
				"down": {"uv": [11.5, 9, 11, 10], "texture": "#0"}
			}
		},
		{
			"from": [0, 3, 6],
			"to": [1, 8, 7],
			"faces": {
				"north": {"uv": [13, 13.5, 13.5, 16], "texture": "#0"},
				"east": {"uv": [11.5, 13.5, 12, 16], "texture": "#0"},
				"south": {"uv": [12, 13.5, 12.5, 16], "texture": "#0"},
				"west": {"uv": [12.5, 13.5, 13, 16], "texture": "#0"},
				"up": {"uv": [11, 13.5, 11.5, 14], "texture": "#0"},
				"down": {"uv": [11, 14, 11.5, 14.5], "texture": "#0"}
			}
		},
		{
			"from": [0, 5, 7],
			"to": [1, 8, 8],
			"faces": {
				"north": {"uv": [1.5, 14, 2, 15.5], "texture": "#0"},
				"east": {"uv": [1, 14, 1.5, 15.5], "texture": "#0"},
				"south": {"uv": [0.5, 14, 1, 15.5], "texture": "#0"},
				"west": {"uv": [0, 14, 0.5, 15.5], "texture": "#0"},
				"up": {"uv": [0, 15.5, 0.5, 16], "texture": "#0"},
				"down": {"uv": [0.5, 15.5, 1, 16], "texture": "#0"}
			}
		},
		{
			"from": [7, 5, 7],
			"to": [8, 8, 8],
			"rotation": {"angle": 0, "axis": "y", "origin": [7.5, 6.5, 7.5]},
			"faces": {
				"north": {"uv": [0.5, 14, 1, 15.5], "texture": "#0"},
				"east": {"uv": [0, 14, 0.5, 15.5], "texture": "#0"},
				"south": {"uv": [1.5, 14, 2, 15.5], "texture": "#0"},
				"west": {"uv": [1, 14, 1.5, 15.5], "texture": "#0"},
				"up": {"uv": [0, 15.5, 0.5, 16], "rotation": 180, "texture": "#0"},
				"down": {"uv": [0.5, 15.5, 1, 16], "rotation": 180, "texture": "#0"}
			}
		},
		{
			"from": [7, 3, 6],
			"to": [8, 8, 7],
			"rotation": {"angle": 0, "axis": "y", "origin": [7.5, 5.5, 6.5]},
			"faces": {
				"north": {"uv": [12, 13.5, 12.5, 16], "texture": "#0"},
				"east": {"uv": [12.5, 13.5, 13, 16], "texture": "#0"},
				"south": {"uv": [13, 13.5, 13.5, 16], "texture": "#0"},
				"west": {"uv": [11.5, 13.5, 12, 16], "texture": "#0"},
				"up": {"uv": [11, 13.5, 11.5, 14], "rotation": 180, "texture": "#0"},
				"down": {"uv": [11, 14, 11.5, 14.5], "rotation": 180, "texture": "#0"}
			}
		},
		{
			"from": [1, 7, 7],
			"to": [7, 8, 9],
			"faces": {
				"north": {"uv": [13, 2.5, 16, 3], "texture": "#0"},
				"east": {"uv": [14, 3, 15, 3.5], "texture": "#0"},
				"south": {"uv": [13, 2, 16, 2.5], "texture": "#0"},
				"west": {"uv": [15, 3, 16, 3.5], "texture": "#0"},
				"up": {"uv": [13, 1, 16, 2], "texture": "#0"},
				"down": {"uv": [13, 0, 16, 1], "texture": "#0"}
			}
		},
		{
			"from": [8, 6, 1],
			"to": [9, 13, 2],
			"rotation": {"angle": -22.5, "axis": "x", "origin": [8.5, 9.5, 1.5]},
			"faces": {
				"north": {"uv": [15, 9, 15.5, 12.5], "texture": "#0"},
				"east": {"uv": [15.5, 12.5, 16, 16], "texture": "#0"},
				"south": {"uv": [15.5, 9, 16, 12.5], "texture": "#0"},
				"west": {"uv": [15, 12.5, 15.5, 16], "texture": "#0"},
				"up": {"uv": [15, 8.5, 15.5, 9], "texture": "#0"},
				"down": {"uv": [15.5, 8.5, 16, 9], "texture": "#0"}
			}
		},
		{
			"from": [8, 8, 0],
			"to": [9, 12, 1],
			"rotation": {"angle": -22.5, "axis": "x", "origin": [8.5, 9.5, 1.5]},
			"faces": {
				"north": {"uv": [3.5, 14, 4, 16], "texture": "#0"},
				"east": {"uv": [3, 14, 3.5, 16], "texture": "#0"},
				"south": {"uv": [2.5, 14, 3, 16], "texture": "#0"},
				"west": {"uv": [2, 14, 2.5, 16], "texture": "#0"},
				"up": {"uv": [2.5, 13.5, 3, 14], "texture": "#0"},
				"down": {"uv": [2, 13.5, 2.5, 14], "texture": "#0"}
			}
		},
		{
			"from": [8.5, 10.25, -1.5],
			"to": [8.5, 13.25, -0.5],
			"rotation": {"angle": 22.5, "axis": "x", "origin": [8.5, 9.5, 1.5]},
			"faces": {
				"north": {"uv": [5.5, 14.5, 6, 16], "texture": "#0"},
				"east": {"uv": [5, 14.5, 5.5, 16], "texture": "#0"},
				"south": {"uv": [4.5, 14.5, 5, 16], "texture": "#0"},
				"west": {"uv": [4, 14.5, 4.5, 16], "texture": "#0"},
				"up": {"uv": [4.5, 13.5, 5, 14], "texture": "#0"},
				"down": {"uv": [4, 13.5, 4.5, 14], "texture": "#0"}
			}
		},
		{
			"from": [8.5, 7, 1],
			"to": [8.5, 8, 3],
			"rotation": {"angle": 45, "axis": "x", "origin": [8.5, 7.5, 1.5]},
			"faces": {
				"north": {"uv": [10, 13.5, 10, 14], "texture": "#0"},
				"east": {"uv": [10, 13.5, 11, 14], "texture": "#0"},
				"south": {"uv": [10, 13.5, 10, 14], "texture": "#0"},
				"west": {"uv": [10, 13.5, 11, 14], "texture": "#0"},
				"up": {"uv": [10, 13.5, 10, 14.5], "texture": "#0"},
				"down": {"uv": [10, 13.5, 10, 14.5], "texture": "#0"}
			}
		},
		{
			"from": [-1, 8, 0],
			"to": [0, 12, 1],
			"rotation": {"angle": -22.5, "axis": "x", "origin": [-0.5, 9.5, 1.5]},
			"faces": {
				"north": {"uv": [3.5, 14, 4, 16], "texture": "#0"},
				"east": {"uv": [3, 14, 3.5, 16], "texture": "#0"},
				"south": {"uv": [2.5, 14, 3, 16], "texture": "#0"},
				"west": {"uv": [2, 14, 2.5, 16], "texture": "#0"},
				"up": {"uv": [2.5, 13.5, 3, 14], "texture": "#0"},
				"down": {"uv": [2, 13.5, 2.5, 14], "texture": "#0"}
			}
		},
		{
			"from": [-1, 6, 1],
			"to": [0, 13, 2],
			"rotation": {"angle": -22.5, "axis": "x", "origin": [-0.5, 9.5, 1.5]},
			"faces": {
				"north": {"uv": [15, 9, 15.5, 12.5], "texture": "#0"},
				"east": {"uv": [15.5, 12.5, 16, 16], "texture": "#0"},
				"south": {"uv": [15.5, 9, 16, 12.5], "texture": "#0"},
				"west": {"uv": [15, 12.5, 15.5, 16], "texture": "#0"},
				"up": {"uv": [15, 8.5, 15.5, 9], "texture": "#0"},
				"down": {"uv": [15.5, 8.5, 16, 9], "texture": "#0"}
			}
		},
		{
			"from": [-0.5, 7, 1],
			"to": [-0.5, 8, 3],
			"rotation": {"angle": 45, "axis": "x", "origin": [-0.5, 7.5, 1.5]},
			"faces": {
				"north": {"uv": [10, 13.5, 10, 14], "texture": "#0"},
				"east": {"uv": [10, 13.5, 11, 14], "texture": "#0"},
				"south": {"uv": [10, 13.5, 10, 14], "texture": "#0"},
				"west": {"uv": [10, 13.5, 11, 14], "texture": "#0"},
				"up": {"uv": [10, 13.5, 10, 14.5], "texture": "#0"},
				"down": {"uv": [10, 13.5, 10, 14.5], "texture": "#0"}
			}
		},
		{
			"from": [-0.5, 10.25, -1.5],
			"to": [-0.5, 13.25, -0.5],
			"rotation": {"angle": 22.5, "axis": "x", "origin": [-0.5, 9.5, 1.5]},
			"faces": {
				"north": {"uv": [5.5, 14.5, 6, 16], "texture": "#0"},
				"east": {"uv": [5, 14.5, 5.5, 16], "texture": "#0"},
				"south": {"uv": [4.5, 14.5, 5, 16], "texture": "#0"},
				"west": {"uv": [4, 14.5, 4.5, 16], "texture": "#0"},
				"up": {"uv": [4.5, 13.5, 5, 14], "texture": "#0"},
				"down": {"uv": [4, 13.5, 4.5, 14], "texture": "#0"}
			}
		},
		{
			"from": [8.5, 10.25, -1.5],
			"to": [8.5, 13.25, -0.5],
			"rotation": {"angle": 22.5, "axis": "x", "origin": [-0.5, 9.5, 1.5]},
			"faces": {
				"north": {"uv": [5.5, 14.5, 6, 16], "texture": "#0"},
				"east": {"uv": [5, 14.5, 5.5, 16], "texture": "#0"},
				"south": {"uv": [4.5, 14.5, 5, 16], "texture": "#0"},
				"west": {"uv": [4, 14.5, 4.5, 16], "texture": "#0"},
				"up": {"uv": [4.5, 13.5, 5, 14], "texture": "#0"},
				"down": {"uv": [4, 13.5, 4.5, 14], "texture": "#0"}
			}
		},
		{
			"from": [0, 1, 6],
			"to": [0, 4, 11],
			"faces": {
				"north": {"uv": [0, 0, 0, 1.5], "rotation": 180, "texture": "#1"},
				"east": {"uv": [16, 8, 4, 14], "rotation": 180, "texture": "#1"},
				"south": {"uv": [0, 0, 0, 1.5], "rotation": 180, "texture": "#1"},
				"west": {"uv": [4, 8, 16, 14], "rotation": 180, "texture": "#1"},
				"up": {"uv": [0, 0, 0, 2.5], "texture": "#1"},
				"down": {"uv": [0, 0, 0, 2.5], "texture": "#1"}
			}
		},
		{
			"from": [8, 1, 6],
			"to": [8, 4, 11],
			"faces": {
				"north": {"uv": [0, 0, 0, 1.5], "rotation": 180, "texture": "#1"},
				"east": {"uv": [16, 8, 4, 14], "rotation": 180, "texture": "#1"},
				"south": {"uv": [0, 0, 0, 1.5], "rotation": 180, "texture": "#1"},
				"west": {"uv": [4, 8, 16, 14], "rotation": 180, "texture": "#1"},
				"up": {"uv": [0, 0, 0, 2.5], "texture": "#1"},
				"down": {"uv": [0, 0, 0, 2.5], "texture": "#1"}
			}
		}
	],
	"display": {
		"thirdperson_righthand": {
			"translation": [4, 1.25, 3]
		},
		"thirdperson_lefthand": {
			"translation": [-4, 1, 3]
		},
		"firstperson_righthand": {
			"translation": [6.75, 5, 0]
		},
		"firstperson_lefthand": {
			"translation": [6.75, 5, 0]
		},
		"ground": {
			"translation": [3.25, 6, 3.75]
		},
		"gui": {
			"rotation": [22, 141, 0],
			"translation": [0, 4.75, 0]
		},
		"head": {
			"translation": [7.25, 7.5, 6.75],
			"scale": [1.9, 1.9, 1.9]
		},
		"fixed": {
			"translation": [4.25, 3.75, 3.75]
		}
	}
}