{
	"credit": "Made with Blockbench",
	"texture_size": [32, 32],
	"textures": {
		"0": "item/carved_pumpkin/2",
		"particle": "item/carved_pumpkin/2"
	},
	"elements": [
		{
			"from": [7.5, 0, 16],
			"to": [8.5, 1, 16.5],
			"rotation": {"angle": 0, "axis": "y", "origin": [7.5, 0, 16]},
			"faces": {
				"north": {"uv": [1.5, 5, 2, 5.5], "texture": "#0"},
				"east": {"uv": [1.5, 5, 1.75, 5.5], "texture": "#0"},
				"south": {"uv": [1.5, 5, 2, 5.5], "texture": "#0"},
				"west": {"uv": [1.5, 5, 1.75, 5.5], "texture": "#0"},
				"up": {"uv": [1.5, 5, 2, 5.25], "texture": "#0"},
				"down": {"uv": [1.5, 5, 2, 5.25], "texture": "#0"}
			}
		},
		{
			"from": [7.25, -0.25, 16.5],
			"to": [8.75, 1.25, 17.5],
			"rotation": {"angle": 0, "axis": "y", "origin": [7.5, 0, 16]},
			"faces": {
				"north": {"uv": [15, 0, 16, 1], "texture": "#0"},
				"east": {"uv": [15, 2.5, 14.5, 1.5], "texture": "#0"},
				"south": {"uv": [15, 0, 16, 1], "texture": "#0"},
				"west": {"uv": [14.5, 1.5, 15, 2.5], "texture": "#0"},
				"up": {"uv": [13, 1.5, 14, 2], "texture": "#0"},
				"down": {"uv": [13, 2, 14, 1.5], "texture": "#0"}
			}
		},
		{
			"from": [7.25, -0.17, 17],
			"to": [8.75, 1.33, 20],
			"rotation": {"angle": 22.5, "axis": "x", "origin": [8, 0.5, 17]},
			"faces": {
				"north": {"uv": [14, 5, 15, 6], "texture": "#0"},
				"east": {"uv": [16, 7, 14, 8], "rotation": 180, "texture": "#0"},
				"south": {"uv": [14, 3, 15, 4], "texture": "#0"},
				"west": {"uv": [14, 8, 16, 7], "rotation": 180, "texture": "#0"},
				"up": {"uv": [14, 6, 13, 4], "texture": "#0"},
				"down": {"uv": [13, 4, 14, 6], "texture": "#0"}
			}
		},
		{
			"from": [7.25, 1.33, 17],
			"to": [8.75, 1.33, 20],
			"rotation": {"angle": 0, "axis": "x", "origin": [8, 0.5, 17]},
			"faces": {
				"north": {"uv": [14, 5, 15, 6], "texture": "#0"},
				"east": {"uv": [16, 7, 14, 8], "rotation": 180, "texture": "#0"},
				"south": {"uv": [14, 3, 15, 4], "texture": "#0"},
				"west": {"uv": [14, 7, 16, 8], "rotation": 180, "texture": "#0"},
				"up": {"uv": [13, 6, 14, 4], "texture": "#0"},
				"down": {"uv": [13, 4, 14, 6], "texture": "#0"}
			}
		},
		{
			"from": [7.17, -0.25, 17],
			"to": [7.17, 1.25, 20],
			"rotation": {"angle": -22.5, "axis": "y", "origin": [8, 0.5, 17]},
			"faces": {
				"north": {"uv": [14, 5, 15, 6], "rotation": 90, "texture": "#0"},
				"east": {"uv": [13, 4, 14, 6], "rotation": 270, "texture": "#0"},
				"south": {"uv": [14, 3, 15, 4], "rotation": 270, "texture": "#0"},
				"west": {"uv": [13, 6, 14, 4], "rotation": 270, "texture": "#0"},
				"up": {"uv": [16, 7, 14, 8], "rotation": 90, "texture": "#0"},
				"down": {"uv": [14, 7, 16, 8], "rotation": 90, "texture": "#0"}
			}
		},
		{
			"from": [8.83, -0.25, 17],
			"to": [8.83, 1.25, 20],
			"rotation": {"angle": 22.5, "axis": "y", "origin": [8, 0.5, 17]},
			"faces": {
				"north": {"uv": [14, 5, 15, 6], "rotation": 270, "texture": "#0"},
				"east": {"uv": [13, 6, 14, 4], "rotation": 90, "texture": "#0"},
				"south": {"uv": [14, 3, 15, 4], "rotation": 90, "texture": "#0"},
				"west": {"uv": [13, 4, 14, 6], "rotation": 90, "texture": "#0"},
				"up": {"uv": [14, 7, 16, 8], "rotation": 270, "texture": "#0"},
				"down": {"uv": [16, 7, 14, 8], "rotation": 270, "texture": "#0"}
			}
		},
		{
			"from": [2, -4.95, 6.7],
			"to": [14, -4.95, 18.7],
			"rotation": {"angle": -22.5, "axis": "x", "origin": [0, 0, 0]},
			"faces": {
				"north": {"uv": [4.5, 2.5, 4.5, 2.5], "texture": "#0"},
				"east": {"uv": [4.5, 2.5, 4.5, 2.5], "texture": "#0"},
				"south": {"uv": [4.5, 2.5, 4.5, 2.5], "texture": "#0"},
				"west": {"uv": [4.5, 2.5, 4.5, 2.5], "texture": "#0"},
				"up": {"uv": [8, 8, 16, 16], "texture": "#0"},
				"down": {"uv": [8, 16, 16, 8], "texture": "#0"}
			}
		},
		{
			"from": [5, -4.95, 9.7],
			"to": [11, -1.95, 15.7],
			"rotation": {"angle": -22.5, "axis": "x", "origin": [0, 0, 0]},
			"faces": {
				"north": {"uv": [0, 8, 4, 10], "texture": "#0"},
				"east": {"uv": [0, 10, 4, 12], "texture": "#0"},
				"south": {"uv": [0, 12, 4, 14], "texture": "#0"},
				"west": {"uv": [0, 14, 4, 16], "texture": "#0"},
				"up": {"uv": [9, 4, 13, 8], "texture": "#0"},
				"down": {"uv": [4.5, 1, 8.5, 5], "texture": "#0"}
			}
		}
	],
	"display": {
		"thirdperson_righthand": {
			"translation": [0, 4, -3],
			"scale": [0.7, 0.7, 0.7]
		},
		"thirdperson_lefthand": {
			"translation": [0, 4, -3],
			"scale": [0.7, 0.7, 0.7]
		},
		"firstperson_righthand": {
			"rotation": [25, 17, 0],
			"translation": [14, 8.5, -26.25],
			"scale": [2, 2, 2]
		},
		"firstperson_lefthand": {
			"rotation": [25, 17, 0],
			"translation": [14, 8.5, -26.25],
			"scale": [2, 2, 2]
		},
		"ground": {
			"translation": [0.25, 6.5, -5.75]
		},
		"gui": {
			"rotation": [64, -46, 0],
			"translation": [9.5, 14.75, 13],
			"scale": [2, 2, 2]
		},
		"head": {
			"rotation": [22.5, 0, 0],
			"translation": [0, 23, -5.5],
			"scale": [2.5, 2.5, 2.5]
		},
		"fixed": {
			"rotation": [-67, 0, 0],
			"translation": [0, -4.5, -19],
			"scale": [2, 2, 2]
		}
	}
}