{
	"credit": "Made with Blockbench",
	"texture_size": [32, 32],
	"textures": {
		"0": "item/carved_pumpkin/6",
		"particle": "item/carved_pumpkin/6"
	},
	"elements": [
		{
			"from": [0, 0, 0],
			"to": [8, 8, 8],
			"faces": {
				"north": {"uv": [0, 0, 4, 4], "texture": "#0"},
				"east": {"uv": [0, 4, 4, 8], "texture": "#0"},
				"south": {"uv": [4, 0, 8, 4], "texture": "#0"},
				"west": {"uv": [4, 4, 8, 8], "texture": "#0"},
				"up": {"uv": [4, 12, 0, 8], "texture": "#0"},
				"down": {"uv": [12, 0, 8, 4], "texture": "#0"}
			}
		},
		{
			"from": [1.15, 5.25, 0],
			"to": [6.75, 10.85, 8],
			"rotation": {"angle": -45, "axis": "z", "origin": [4, 8, 4]},
			"faces": {
				"north": {"uv": [7, 11, 10, 14], "texture": "#0"},
				"east": {"uv": [4, 8, 8, 11], "texture": "#0"},
				"south": {"uv": [11, 7, 14, 10], "texture": "#0"},
				"west": {"uv": [8, 4, 12, 7], "texture": "#0"},
				"up": {"uv": [11, 11, 8, 7], "texture": "#0"},
				"down": {"uv": [7, 11, 4, 15], "texture": "#0"}
			}
		},
		{
			"from": [3.5, 3, 7],
			"to": [4.5, 5, 11],
			"rotation": {"angle": 22.5, "axis": "x", "origin": [4, 4.5, 8.5]},
			"faces": {
				"north": {"uv": [0.5, 12, 1, 13], "texture": "#0"},
				"east": {"uv": [10, 11, 12, 12], "texture": "#0"},
				"south": {"uv": [1, 12, 1.5, 13], "texture": "#0"},
				"west": {"uv": [11, 10, 13, 11], "texture": "#0"},
				"up": {"uv": [0.5, 14, 0, 12], "texture": "#0"},
				"down": {"uv": [12.5, 0, 12, 2], "texture": "#0"}
			}
		}
	],
	"display": {
		"thirdperson_righthand": {
			"translation": [4, 0, 1.5]
		},
		"thirdperson_lefthand": {
			"translation": [-4.25, 0, 1.25]
		},
		"ground": {
			"translation": [3.5, 7.5, 3.75]
		},
		"gui": {
			"rotation": [-50, 0, 135],
			"translation": [-5.5, 4, 4]
		},
		"head": {
			"translation": [7.25, 7.75, 7.75],
			"scale": [1.9, 1.9, 1.9]
		},
		"fixed": {
			"rotation": [-90, 0, -90],
			"translation": [2, 4, 4]
		}
	}
}