{
	"credit": "Made with Blockbench",
	"texture_size": [32, 32],
	"textures": {
		"0": "item/totem_of_undying/1",
		"particle": "item/totem_of_undying/1"
	},
	"elements": [
		{
			"from": [7, 9, 7],
			"to": [9, 10, 9],
			"faces": {
				"north": {"uv": [6, 2, 7, 2.5], "texture": "#0"},
				"east": {"uv": [6, 2.5, 7, 3], "texture": "#0"},
				"south": {"uv": [6, 3, 7, 3.5], "texture": "#0"},
				"west": {"uv": [6, 3.5, 7, 4], "texture": "#0"},
				"up": {"uv": [7, 1, 6, 0], "texture": "#0"},
				"down": {"uv": [7, 1, 6, 2], "texture": "#0"}
			}
		},
		{
			"from": [6, 0, 6],
			"to": [10, 9, 10],
			"faces": {
				"north": {"uv": [0, 0, 2, 4.5], "texture": "#0"},
				"east": {"uv": [2, 0, 4, 4.5], "texture": "#0"},
				"south": {"uv": [4, 0, 6, 4.5], "texture": "#0"},
				"west": {"uv": [0, 4.5, 2, 9], "texture": "#0"},
				"up": {"uv": [4, 6.5, 2, 4.5], "texture": "#0"},
				"down": {"uv": [6, 4.5, 4, 6.5], "texture": "#0"}
			}
		}
	],
	"gui_light": "front",
	"display": {
		"thirdperson_righthand": {
			"rotation": [0, -151, 0],
			"translation": [-1.25, 0, 0],
			"scale": [0.5, 0.5, 0.5]
		},
		"thirdperson_lefthand": {
			"rotation": [0, -151, 0],
			"translation": [-1.25, 0, 0],
			"scale": [0.5, 0.5, 0.5]
		},
		"firstperson_righthand": {
			"rotation": [16, -14, 34],
			"translation": [0, 4.75, 0],
			"scale": [0.6, 0.6, 0.6]
		},
		"firstperson_lefthand": {
			"rotation": [16, -14, 34],
			"translation": [2.25, 3.5, 1],
			"scale": [0.5, 0.5, 0.5]
		},
		"ground": {
			"translation": [0, 7, 0]
		},
		"gui": {
			"rotation": [26, -21, 0],
			"translation": [0, 5.25, 0],
			"scale": [1.7, 1.7, 1.7]
		},
		"fixed": {
			"rotation": [0, 180, 0],
			"translation": [0, 6, 0],
			"scale": [2, 2, 2]
		}
	}
}