{
	"credit": "Made with Blockbench",
	"texture_size": [32, 32],
	"textures": {
		"0": "item/bow/1",
		"particle": "item/bow/1"
	},
	"elements": [
		{
			"from": [2, 4, 0],
			"to": [11, 5, 1],
			"faces": {
				"north": {"uv": [0, 3, 4.5, 3.5], "texture": "#0"},
				"east": {"uv": [7, 7.5, 7.5, 8], "texture": "#0"},
				"south": {"uv": [0, 3.5, 4.5, 4], "texture": "#0"},
				"west": {"uv": [7.5, 7.5, 8, 8], "texture": "#0"},
				"up": {"uv": [4.5, 4.5, 0, 4], "texture": "#0"},
				"down": {"uv": [4.5, 4.5, 0, 5], "texture": "#0"}
			}
		},
		{
			"from": [0, 6, 0],
			"to": [11, 7, 1],
			"faces": {
				"north": {"uv": [0, 0, 5.5, 0.5], "texture": "#0"},
				"east": {"uv": [0.5, 8, 1, 8.5], "texture": "#0"},
				"south": {"uv": [0, 0.5, 5.5, 1], "texture": "#0"},
				"west": {"uv": [1, 8, 1.5, 8.5], "texture": "#0"},
				"up": {"uv": [5.5, 1.5, 0, 1], "texture": "#0"},
				"down": {"uv": [5.5, 1.5, 0, 2], "texture": "#0"}
			}
		},
		{
			"from": [-3, 6.9, 0],
			"to": [0, 7, 1],
			"faces": {
				"north": {"uv": [7, 0, 8.5, 0.5], "texture": "#0"},
				"east": {"uv": [5, 8, 5.5, 8.5], "texture": "#0"},
				"south": {"uv": [7, 0.5, 8.5, 1], "texture": "#0"},
				"west": {"uv": [5.5, 8, 6, 8.5], "texture": "#0"},
				"up": {"uv": [8.5, 1.5, 7, 1], "texture": "#0"},
				"down": {"uv": [8.5, 1.5, 7, 2], "texture": "#0"}
			}
		},
		{
			"from": [2, 5, 0.25],
			"to": [11, 6, 0.75],
			"faces": {
				"north": {"uv": [4.5, 3, 9, 3.5], "texture": "#0"},
				"east": {"uv": [2, 8, 2.5, 8.5], "texture": "#0"},
				"south": {"uv": [4.5, 3.5, 9, 4], "texture": "#0"},
				"west": {"uv": [2.5, 8, 3, 8.5], "texture": "#0"},
				"up": {"uv": [9, 4.5, 4.5, 4], "texture": "#0"},
				"down": {"uv": [9, 4.5, 4.5, 5], "texture": "#0"}
			}
		},
		{
			"from": [0, 4, 0],
			"to": [2, 6, 1],
			"faces": {
				"north": {"uv": [3, 6, 4, 7], "texture": "#0"},
				"east": {"uv": [7, 6.5, 7.5, 7.5], "texture": "#0"},
				"south": {"uv": [4, 6, 5, 7], "texture": "#0"},
				"west": {"uv": [0, 7.5, 0.5, 8.5], "texture": "#0"},
				"up": {"uv": [1.5, 8, 0.5, 7.5], "texture": "#0"},
				"down": {"uv": [5, 7.5, 4, 8], "texture": "#0"}
			}
		},
		{
			"from": [-0.5, 2, 0],
			"to": [0.5, 3, 1],
			"faces": {
				"north": {"uv": [7, 8, 7.5, 8.5], "texture": "#0"},
				"east": {"uv": [8, 7, 8.5, 7.5], "texture": "#0"},
				"south": {"uv": [7.5, 8, 8, 8.5], "texture": "#0"},
				"west": {"uv": [8, 7.5, 8.5, 8], "texture": "#0"},
				"up": {"uv": [8.5, 8.5, 8, 8], "texture": "#0"},
				"down": {"uv": [0.5, 8.5, 0, 9], "texture": "#0"}
			}
		},
		{
			"from": [-4, 4, 0],
			"to": [-3, 7, 1],
			"faces": {
				"north": {"uv": [2, 6.5, 2.5, 8], "texture": "#0"},
				"east": {"uv": [2.5, 6.5, 3, 8], "texture": "#0"},
				"south": {"uv": [3, 7, 3.5, 8.5], "texture": "#0"},
				"west": {"uv": [3.5, 7, 4, 8.5], "texture": "#0"},
				"up": {"uv": [8.5, 6, 8, 5.5], "texture": "#0"},
				"down": {"uv": [6.5, 8, 6, 8.5], "texture": "#0"}
			}
		},
		{
			"from": [-5, 7, 0],
			"to": [-4, 7, 1],
			"rotation": {"angle": -22.5, "axis": "z", "origin": [-4, 7, 0.5]},
			"faces": {
				"north": {"uv": [0, 0, 0.5, 0], "texture": "#0"},
				"east": {"uv": [0, 0, 0.5, 0], "texture": "#0"},
				"south": {"uv": [0, 0, 0.5, 0], "texture": "#0"},
				"west": {"uv": [0, 0, 0.5, 0], "texture": "#0"},
				"up": {"uv": [9, 1, 8.5, 0.5], "texture": "#0"},
				"down": {"uv": [1.5, 8.5, 1, 9], "texture": "#0"}
			}
		},
		{
			"from": [-3, 4.5, -0.5],
			"to": [0, 6.5, 1.5],
			"rotation": {"angle": -45, "axis": "x", "origin": [-2, 5.5, 0.5]},
			"faces": {
				"north": {"uv": [3, 6.5, 1.5, 5.5], "rotation": 180, "texture": "#0"},
				"east": {"uv": [5, 6, 6, 7], "rotation": 90, "texture": "#0"},
				"south": {"uv": [3.5, 4, 5, 5], "texture": "#0"},
				"west": {"uv": [6, 6, 7, 7], "texture": "#0"},
				"up": {"uv": [7, 1, 5.5, 2], "texture": "#0"},
				"down": {"uv": [3, 5.5, 1.5, 6.5], "texture": "#0"}
			}
		},
		{
			"from": [-3.5, 3, 0],
			"to": [3, 4, 1],
			"faces": {
				"north": {"uv": [0, 5, 3.25, 5.5], "texture": "#0"},
				"east": {"uv": [4, 8, 4.5, 8.5], "texture": "#0"},
				"south": {"uv": [5.25, 2, 8.5, 2.5], "texture": "#0"},
				"west": {"uv": [4.5, 8, 5, 8.5], "texture": "#0"},
				"up": {"uv": [8.25, 3.025, 5, 2.525], "texture": "#0"},
				"down": {"uv": [6.75, 5, 3.5, 5.5], "texture": "#0"}
			}
		},
		{
			"from": [-2.25, 2.1, 0],
			"to": [-0.45, 2.11, 1],
			"faces": {
				"north": {"uv": [0, 0, 1, 0], "texture": "#0"},
				"east": {"uv": [0, 0, 0.5, 0], "texture": "#0"},
				"south": {"uv": [0, 0, 1, 0], "texture": "#0"},
				"west": {"uv": [0, 0, 0.5, 0], "texture": "#0"},
				"up": {"uv": [6, 8, 5, 7.5], "texture": "#0"},
				"down": {"uv": [7, 7.5, 6, 8], "texture": "#0"}
			}
		},
		{
			"from": [-2.65, 2, 0],
			"to": [-2.64, 3, 1],
			"rotation": {"angle": 22.5, "axis": "z", "origin": [-2.7, 3, 0.5]},
			"faces": {
				"north": {"uv": [0, 0, 0, 0.5], "texture": "#0"},
				"east": {"uv": [6.5, 8, 7, 8.5], "texture": "#0"},
				"south": {"uv": [0, 0, 0, 0.5], "texture": "#0"},
				"west": {"uv": [8, 6.5, 8.5, 7], "texture": "#0"},
				"up": {"uv": [0, 0.5, 0, 0], "texture": "#0"},
				"down": {"uv": [0, 0, 0, 0.5], "texture": "#0"}
			}
		},
		{
			"from": [-1.65, 1.75, 0],
			"to": [-1.64, 2.75, 1],
			"rotation": {"angle": 22.5, "axis": "z", "origin": [-2.7, 3, 0.5]},
			"faces": {
				"north": {"uv": [0, 0, 0, 0.5], "texture": "#0"},
				"east": {"uv": [8.5, 0, 9, 0.5], "texture": "#0"},
				"south": {"uv": [0, 0, 0, 0.5], "texture": "#0"},
				"west": {"uv": [0.5, 8.5, 1, 9], "texture": "#0"},
				"up": {"uv": [0, 0.5, 0, 0], "texture": "#0"},
				"down": {"uv": [0, 0, 0, 0.5], "texture": "#0"}
			}
		},
		{
			"from": [-8.1, 1.25, 0],
			"to": [-3.1, 3.25, 1],
			"rotation": {"angle": 45, "axis": "z", "origin": [-5.5, 3, 0.5]},
			"faces": {
				"north": {"uv": [0, 2, 2.5, 3], "texture": "#0"},
				"east": {"uv": [1.5, 7.5, 2, 8.5], "texture": "#0"},
				"south": {"uv": [2.5, 2, 5, 3], "texture": "#0"},
				"west": {"uv": [7.5, 6.5, 8, 7.5], "texture": "#0"},
				"up": {"uv": [5.5, 6, 3, 5.5], "texture": "#0"},
				"down": {"uv": [8, 5.5, 5.5, 6], "texture": "#0"}
			}
		},
		{
			"from": [-5.1, 3.25, 0],
			"to": [-2.1, 4.25, 1],
			"rotation": {"angle": 45, "axis": "z", "origin": [-5.5, 3, 0.5]},
			"faces": {
				"north": {"uv": [4, 7, 5.5, 7.5], "texture": "#0"},
				"east": {"uv": [8.5, 1, 9, 1.5], "texture": "#0"},
				"south": {"uv": [7, 5, 8.5, 5.5], "texture": "#0"},
				"west": {"uv": [1.5, 8.5, 2, 9], "texture": "#0"},
				"up": {"uv": [7, 7.5, 5.5, 7], "texture": "#0"},
				"down": {"uv": [8.5, 6, 7, 6.5], "texture": "#0"}
			}
		},
		{
			"from": [-6.02782, 6.17193, 0.5],
			"to": [-4.02782, 8.17193, 0.51],
			"rotation": {"angle": 22.5, "axis": "z", "origin": [-4.14393, 6.28805, 0.5]},
			"faces": {
				"north": {"uv": [0, 6.5, 1, 7.5], "texture": "#0"},
				"east": {"uv": [0, 0, 0, 1], "texture": "#0"},
				"south": {"uv": [1, 6.5, 2, 7.5], "texture": "#0"},
				"west": {"uv": [0, 0, 0, 1], "texture": "#0"},
				"up": {"uv": [1, 0, 0, 0], "texture": "#0"},
				"down": {"uv": [1, 0, 0, 0], "texture": "#0"}
			}
		}
	],
	"gui_light": "front",
	"display": {
		"thirdperson_righthand": {
			"rotation": [-3, 90, 0],
			"translation": [7.5, 4.5, -10.25]
		},
		"thirdperson_lefthand": {
			"rotation": [-3, -90, 0],
			"translation": [-7.5, 4.5, -10.25]
		},
		"firstperson_righthand": {
			"rotation": [-144.8, 82.6, 158.9],
			"translation": [7.75, 6.5, -14.5]
		},
		"firstperson_lefthand": {
			"rotation": [16, -111, -3],
			"translation": [4.25, 4.75, -12]
		},
		"ground": {
			"translation": [7.25, 6, 7.75]
		},
		"gui": {
			"rotation": [16, -24, 32],
			"translation": [-1, 7.5, 11],
			"scale": [1.5, 1.5, 1.5]
		},
		"fixed": {
			"rotation": [0, 0, 32],
			"translation": [5.25, 11.25, 11],
			"scale": [1.5, 1.5, 1.5]
		}
	}
}