{
	"credit": "Made with Blockbench",
	"texture_size": [32, 32],
	"textures": {
		"0": "item/bow/2",
		"particle": "item/bow/2"
	},
	"elements": [
		{
			"from": [7.5, 0, -3],
			"to": [8.5, 4, 0],
			"faces": {
				"north": {"uv": [6.5, 6, 7, 8], "texture": "#0"},
				"east": {"uv": [1, 1, 2.5, 3], "texture": "#0"},
				"south": {"uv": [7, 2, 7.5, 4], "texture": "#0"},
				"west": {"uv": [2.5, 1, 4, 3], "texture": "#0"},
				"up": {"uv": [5.5, 4.5, 5, 3], "texture": "#0"},
				"down": {"uv": [8, 1, 7.5, 2.5], "texture": "#0"}
			}
		},
		{
			"from": [7.5, 1, 0],
			"to": [8.5, 4, 4],
			"faces": {
				"north": {"uv": [1.5, 7.5, 2, 9], "texture": "#0"},
				"east": {"uv": [1, 3, 3, 4.5], "texture": "#0"},
				"south": {"uv": [2, 7.5, 2.5, 9], "texture": "#0"},
				"west": {"uv": [3, 3, 5, 4.5], "texture": "#0"},
				"up": {"uv": [7.5, 8, 7, 6], "texture": "#0"},
				"down": {"uv": [1.5, 7.5, 1, 9.5], "texture": "#0"}
			}
		},
		{
			"from": [7.5, 2, 4],
			"to": [8.5, 4, 7],
			"faces": {
				"north": {"uv": [7, 4, 7.5, 5], "texture": "#0"},
				"east": {"uv": [4, 2, 5.5, 3], "texture": "#0"},
				"south": {"uv": [7.5, 4, 8, 5], "texture": "#0"},
				"west": {"uv": [4, 4.5, 5.5, 5.5], "texture": "#0"},
				"up": {"uv": [3, 9, 2.5, 7.5], "texture": "#0"},
				"down": {"uv": [8, 2.5, 7.5, 4], "texture": "#0"}
			}
		},
		{
			"from": [7.5, 4, 2],
			"to": [8.5, 5, 22],
			"faces": {
				"north": {"uv": [6.5, 4.5, 7, 5], "texture": "#0"},
				"east": {"uv": [0, 0, 10, 0.5], "texture": "#0"},
				"south": {"uv": [5.5, 8, 6, 8.5], "texture": "#0"},
				"west": {"uv": [0, 0.5, 10, 1], "texture": "#0"},
				"up": {"uv": [0.5, 11, 0, 1], "texture": "#0"},
				"down": {"uv": [1, 1, 0.5, 11], "texture": "#0"}
			}
		},
		{
			"from": [8.5, 5, 2],
			"to": [8.5, 6, 3],
			"faces": {
				"north": {"uv": [0, 0, 0, 0.5], "texture": "#0"},
				"east": {"uv": [8, 7, 8.5, 7.5], "texture": "#0"},
				"south": {"uv": [0, 0, 0, 0.5], "texture": "#0"},
				"west": {"uv": [7.5, 8, 8, 8.5], "texture": "#0"},
				"up": {"uv": [0, 0.5, 0, 0], "texture": "#0"},
				"down": {"uv": [0, 0, 0, 0.5], "texture": "#0"}
			}
		},
		{
			"from": [7.5, 5, 2],
			"to": [7.5, 6, 3],
			"faces": {
				"north": {"uv": [0, 0, 0, 0.5], "texture": "#0"},
				"east": {"uv": [8, 7.5, 8.5, 8], "texture": "#0"},
				"south": {"uv": [0, 0, 0, 0.5], "texture": "#0"},
				"west": {"uv": [8, 8, 8.5, 8.5], "texture": "#0"},
				"up": {"uv": [0, 0.5, 0, 0], "texture": "#0"},
				"down": {"uv": [0, 0, 0, 0.5], "texture": "#0"}
			}
		},
		{
			"from": [8, 5, 21],
			"to": [8, 6, 22],
			"faces": {
				"north": {"uv": [0, 0, 0, 0.5], "texture": "#0"},
				"east": {"uv": [8.5, 1, 9, 1.5], "texture": "#0"},
				"south": {"uv": [0, 0, 0, 0.5], "texture": "#0"},
				"west": {"uv": [8.5, 1.5, 9, 2], "texture": "#0"},
				"up": {"uv": [0, 0.5, 0, 0], "texture": "#0"},
				"down": {"uv": [0, 0, 0, 0.5], "texture": "#0"}
			}
		},
		{
			"from": [7.5, 3, 7],
			"to": [8.5, 4, 12],
			"faces": {
				"north": {"uv": [8, 6, 8.5, 6.5], "texture": "#0"},
				"east": {"uv": [6, 5, 8.5, 5.5], "texture": "#0"},
				"south": {"uv": [6.5, 8, 7, 8.5], "texture": "#0"},
				"west": {"uv": [6, 5.5, 8.5, 6], "texture": "#0"},
				"up": {"uv": [6.5, 8.5, 6, 6], "texture": "#0"},
				"down": {"uv": [7, 2, 6.5, 4.5], "texture": "#0"}
			}
		},
		{
			"from": [7.5, -1, 8],
			"to": [8.5, 3, 10],
			"rotation": {"angle": 22.5, "axis": "x", "origin": [8, 3, 10]},
			"faces": {
				"north": {"uv": [5.5, 5, 6, 7], "texture": "#0"},
				"east": {"uv": [1, 4.5, 2, 6.5], "texture": "#0"},
				"south": {"uv": [6, 2, 6.5, 4], "texture": "#0"},
				"west": {"uv": [2, 4.5, 3, 6.5], "texture": "#0"},
				"up": {"uv": [8, 7, 7.5, 6], "texture": "#0"},
				"down": {"uv": [8, 7, 7.5, 8], "texture": "#0"}
			}
		},
		{
			"from": [7.5, 2, 10],
			"to": [8.5, 2, 12],
			"rotation": {"angle": 22.5, "axis": "x", "origin": [8, 3, 10]},
			"faces": {
				"north": {"uv": [0, 0, 0.5, 0], "texture": "#0"},
				"east": {"uv": [0, 0, 1, 0], "texture": "#0"},
				"south": {"uv": [0, 0, 0.5, 0], "texture": "#0"},
				"west": {"uv": [0, 0, 1, 0], "texture": "#0"},
				"up": {"uv": [8.5, 2, 8, 1], "texture": "#0"},
				"down": {"uv": [8.5, 2, 8, 3], "texture": "#0"}
			}
		},
		{
			"from": [7.5, 2, 12],
			"to": [8.5, 4, 12],
			"rotation": {"angle": 22.5, "axis": "x", "origin": [8, 3, 10]},
			"faces": {
				"north": {"uv": [3, 8, 3.5, 9], "texture": "#0"},
				"east": {"uv": [0, 0, 0, 1], "texture": "#0"},
				"south": {"uv": [8, 3, 8.5, 4], "texture": "#0"},
				"west": {"uv": [0, 0, 0, 1], "texture": "#0"},
				"up": {"uv": [0.5, 0, 0, 0], "texture": "#0"},
				"down": {"uv": [0.5, 0, 0, 0], "texture": "#0"}
			}
		},
		{
			"from": [7.5, 2.5, 10.5],
			"to": [8.5, 3.5, 10.5],
			"rotation": {"angle": 22.5, "axis": "x", "origin": [8, 3, 10]},
			"faces": {
				"north": {"uv": [3.5, 8.5, 4, 9], "texture": "#0"},
				"east": {"uv": [0, 0, 0, 1], "texture": "#0"},
				"south": {"uv": [8, 4.5, 8.5, 5], "texture": "#0"},
				"west": {"uv": [0, 0, 0, 1], "texture": "#0"},
				"up": {"uv": [0.5, 0, 0, 0], "texture": "#0"},
				"down": {"uv": [0.5, 0, 0, 0], "texture": "#0"}
			}
		},
		{
			"from": [7.5, -2, 12],
			"to": [8.5, 4, 13],
			"faces": {
				"north": {"uv": [5.5, 2, 6, 5], "texture": "#0"},
				"east": {"uv": [4, 5.5, 4.5, 8.5], "texture": "#0"},
				"south": {"uv": [4.5, 5.5, 5, 8.5], "texture": "#0"},
				"west": {"uv": [5, 5.5, 5.5, 8.5], "texture": "#0"},
				"up": {"uv": [8.5, 7, 8, 6.5], "texture": "#0"},
				"down": {"uv": [7.5, 8, 7, 8.5], "texture": "#0"}
			}
		},
		{
			"from": [7.5, 3, 14],
			"to": [8.5, 4, 21],
			"faces": {
				"north": {"uv": [8.5, 2, 9, 2.5], "texture": "#0"},
				"east": {"uv": [4, 1, 7.5, 1.5], "texture": "#0"},
				"south": {"uv": [8.5, 2.5, 9, 3], "texture": "#0"},
				"west": {"uv": [4, 1.5, 7.5, 2], "texture": "#0"},
				"up": {"uv": [3.5, 8, 3, 4.5], "texture": "#0"},
				"down": {"uv": [4, 4.5, 3.5, 8], "texture": "#0"}
			}
		}
	],
	"display": {
		"thirdperson_righthand": {
			"rotation": [0, 180, 0],
			"translation": [0, 4.75, 2.5]
		},
		"thirdperson_lefthand": {
			"rotation": [0, 180, 0],
			"translation": [0, 4.75, 2.5]
		},
		"firstperson_righthand": {
			"rotation": [16, -163, 0],
			"translation": [4.75, 3, -6]
		},
		"firstperson_lefthand": {
			"rotation": [16, -180, 11],
			"translation": [11, 3, -5.25]
		},
		"ground": {
			"translation": [0, 7, 0]
		},
		"gui": {
			"rotation": [-90, 45, 90],
			"translation": [-4, 3, 0]
		},
		"fixed": {
			"rotation": [-90, 90, 90],
			"translation": [-1.5, 6.25, 0]
		}
	}
}