{
	"credit": "Made with Blockbench",
	"textures": {
		"0": "item/bow/3",
		"particle": "item/bow/3"
	},
	"elements": [
		{
			"from": [2, 2.5, 7.5],
			"to": [10, 5.5, 8.5],
			"faces": {
				"north": {"uv": [0, 0, 8, 3], "texture": "#0"},
				"east": {"uv": [12, 0, 13, 3], "texture": "#0"},
				"south": {"uv": [0, 3, 8, 6], "texture": "#0"},
				"west": {"uv": [1, 12, 2, 15], "texture": "#0"},
				"up": {"uv": [8, 7, 0, 6], "texture": "#0"},
				"down": {"uv": [8, 7, 0, 8], "texture": "#0"}
			}
		},
		{
			"from": [4, 4, 7.5],
			"to": [5, 8, 8.5],
			"rotation": {"angle": -45, "axis": "x", "origin": [6, 4, 8]},
			"faces": {
				"north": {"uv": [10, 8, 11, 12], "texture": "#0"},
				"east": {"uv": [11, 4, 12, 8], "texture": "#0"},
				"south": {"uv": [11, 8, 12, 12], "texture": "#0"},
				"west": {"uv": [0, 12, 1, 16], "texture": "#0"},
				"up": {"uv": [15, 12, 14, 11], "texture": "#0"},
				"down": {"uv": [13, 14, 12, 15], "texture": "#0"}
			}
		},
		{
			"from": [6, 4, 7.5],
			"to": [7, 8, 8.5],
			"rotation": {"angle": -45, "axis": "x", "origin": [6, 4, 8]},
			"faces": {
				"north": {"uv": [10, 8, 11, 12], "texture": "#0"},
				"east": {"uv": [11, 4, 12, 8], "texture": "#0"},
				"south": {"uv": [11, 8, 12, 12], "texture": "#0"},
				"west": {"uv": [0, 12, 1, 16], "texture": "#0"},
				"up": {"uv": [15, 12, 14, 11], "texture": "#0"},
				"down": {"uv": [13, 14, 12, 15], "texture": "#0"}
			}
		},
		{
			"from": [8, 4, 7.5],
			"to": [9, 8, 8.5],
			"rotation": {"angle": -45, "axis": "x", "origin": [6, 4, 8]},
			"faces": {
				"north": {"uv": [10, 8, 11, 12], "texture": "#0"},
				"east": {"uv": [11, 4, 12, 8], "texture": "#0"},
				"south": {"uv": [11, 8, 12, 12], "texture": "#0"},
				"west": {"uv": [0, 12, 1, 16], "texture": "#0"},
				"up": {"uv": [15, 12, 14, 11], "texture": "#0"},
				"down": {"uv": [13, 14, 12, 15], "texture": "#0"}
			}
		},
		{
			"from": [8, 4, 7.5],
			"to": [9, 8, 8.5],
			"rotation": {"angle": 45, "axis": "x", "origin": [6, 4, 8]},
			"faces": {
				"north": {"uv": [10, 8, 11, 12], "texture": "#0"},
				"east": {"uv": [11, 4, 12, 8], "texture": "#0"},
				"south": {"uv": [11, 8, 12, 12], "texture": "#0"},
				"west": {"uv": [0, 12, 1, 16], "texture": "#0"},
				"up": {"uv": [15, 12, 14, 11], "texture": "#0"},
				"down": {"uv": [13, 14, 12, 15], "texture": "#0"}
			}
		},
		{
			"from": [6, 4, 7.5],
			"to": [7, 8, 8.5],
			"rotation": {"angle": 45, "axis": "x", "origin": [6, 4, 8]},
			"faces": {
				"north": {"uv": [10, 8, 11, 12], "texture": "#0"},
				"east": {"uv": [11, 4, 12, 8], "texture": "#0"},
				"south": {"uv": [11, 8, 12, 12], "texture": "#0"},
				"west": {"uv": [0, 12, 1, 16], "texture": "#0"},
				"up": {"uv": [15, 12, 14, 11], "texture": "#0"},
				"down": {"uv": [13, 14, 12, 15], "texture": "#0"}
			}
		},
		{
			"from": [4, 4, 7.5],
			"to": [5, 8, 8.5],
			"rotation": {"angle": 45, "axis": "x", "origin": [6, 4, 8]},
			"faces": {
				"north": {"uv": [10, 8, 11, 12], "texture": "#0"},
				"east": {"uv": [11, 4, 12, 8], "texture": "#0"},
				"south": {"uv": [11, 8, 12, 12], "texture": "#0"},
				"west": {"uv": [0, 12, 1, 16], "texture": "#0"},
				"up": {"uv": [15, 12, 14, 11], "texture": "#0"},
				"down": {"uv": [13, 14, 12, 15], "texture": "#0"}
			}
		},
		{
			"from": [2, 5.5, 8],
			"to": [3, 6.5, 8],
			"faces": {
				"north": {"uv": [4, 14, 5, 15], "texture": "#0"},
				"east": {"uv": [0, 0, 0, 1], "texture": "#0"},
				"south": {"uv": [5, 14, 6, 15], "texture": "#0"},
				"west": {"uv": [0, 0, 0, 1], "texture": "#0"},
				"up": {"uv": [1, 0, 0, 0], "texture": "#0"},
				"down": {"uv": [1, 0, 0, 0], "texture": "#0"}
			}
		},
		{
			"from": [10, 5.4, 7.5],
			"to": [13, 5.5, 8.5],
			"faces": {
				"north": {"uv": [12, 3, 15, 4], "texture": "#0"},
				"east": {"uv": [12, 13, 13, 14], "texture": "#0"},
				"south": {"uv": [12, 4, 15, 5], "texture": "#0"},
				"west": {"uv": [13, 13, 14, 14], "texture": "#0"},
				"up": {"uv": [15, 6, 12, 5], "texture": "#0"},
				"down": {"uv": [9, 12, 6, 13], "texture": "#0"}
			}
		},
		{
			"from": [10, 2.5, 7.5],
			"to": [13, 2.6, 8.5],
			"faces": {
				"north": {"uv": [12, 6, 15, 7], "texture": "#0"},
				"east": {"uv": [2, 14, 3, 15], "texture": "#0"},
				"south": {"uv": [12, 7, 15, 8], "texture": "#0"},
				"west": {"uv": [3, 14, 4, 15], "texture": "#0"},
				"up": {"uv": [15, 9, 12, 8], "texture": "#0"},
				"down": {"uv": [12, 12, 9, 13], "texture": "#0"}
			}
		},
		{
			"from": [10, 3, 7],
			"to": [13, 5, 9],
			"rotation": {"angle": -45, "axis": "x", "origin": [11.5, 4, 8]},
			"faces": {
				"north": {"uv": [2, 8, 5, 10], "texture": "#0"},
				"east": {"uv": [8, 8, 10, 10], "texture": "#0"},
				"south": {"uv": [8, 4, 11, 6], "texture": "#0"},
				"west": {"uv": [10, 0, 12, 2], "texture": "#0"},
				"up": {"uv": [8, 10, 5, 8], "texture": "#0"},
				"down": {"uv": [11, 6, 8, 8], "texture": "#0"}
			}
		},
		{
			"from": [13, 4.5, 7.5],
			"to": [14, 5.5, 8.5],
			"faces": {
				"north": {"uv": [6, 14, 7, 15], "texture": "#0"},
				"east": {"uv": [7, 14, 8, 15], "texture": "#0"},
				"south": {"uv": [8, 14, 9, 15], "texture": "#0"},
				"west": {"uv": [9, 14, 10, 15], "texture": "#0"},
				"up": {"uv": [11, 15, 10, 14], "texture": "#0"},
				"down": {"uv": [12, 14, 11, 15], "texture": "#0"}
			}
		},
		{
			"from": [14, 4.5, 8],
			"to": [16, 6.5, 8],
			"faces": {
				"north": {"uv": [6, 10, 8, 12], "texture": "#0"},
				"east": {"uv": [0, 0, 0, 2], "texture": "#0"},
				"south": {"uv": [8, 10, 10, 12], "texture": "#0"},
				"west": {"uv": [0, 0, 0, 2], "texture": "#0"},
				"up": {"uv": [2, 0, 0, 0], "texture": "#0"},
				"down": {"uv": [2, 0, 0, 0], "texture": "#0"}
			}
		},
		{
			"from": [13, 2.5, 7.5],
			"to": [15, 4.5, 8.5],
			"faces": {
				"north": {"uv": [2, 10, 4, 12], "texture": "#0"},
				"east": {"uv": [2, 12, 3, 14], "texture": "#0"},
				"south": {"uv": [10, 2, 12, 4], "texture": "#0"},
				"west": {"uv": [3, 12, 4, 14], "texture": "#0"},
				"up": {"uv": [14, 12, 12, 11], "texture": "#0"},
				"down": {"uv": [14, 12, 12, 13], "texture": "#0"}
			}
		},
		{
			"from": [12, 1.5, 7.5],
			"to": [14, 1.5, 8.5],
			"faces": {
				"north": {"uv": [0, 0, 2, 0], "texture": "#0"},
				"east": {"uv": [0, 0, 1, 0], "texture": "#0"},
				"south": {"uv": [0, 0, 2, 0], "texture": "#0"},
				"west": {"uv": [0, 0, 1, 0], "texture": "#0"},
				"up": {"uv": [15, 3, 13, 2], "texture": "#0"},
				"down": {"uv": [8, 13, 6, 14], "texture": "#0"}
			}
		},
		{
			"from": [10.5, 1.5, 7.5],
			"to": [12, 1.5, 8.5],
			"rotation": {"angle": -45, "axis": "z", "origin": [12, 1.5, 8]},
			"faces": {
				"north": {"uv": [0, 0, 2, 0], "texture": "#0"},
				"east": {"uv": [0, 0, 1, 0], "texture": "#0"},
				"south": {"uv": [0, 0, 2, 0], "texture": "#0"},
				"west": {"uv": [0, 0, 1, 0], "texture": "#0"},
				"up": {"uv": [10, 14, 8, 13], "texture": "#0"},
				"down": {"uv": [12, 13, 10, 14], "texture": "#0"}
			}
		},
		{
			"from": [12.5, 1.5, 7.5],
			"to": [14, 1.5, 8.5],
			"rotation": {"angle": 45, "axis": "z", "origin": [12, 1.5, 8]},
			"faces": {
				"north": {"uv": [0, 0, 2, 0], "rotation": 180, "texture": "#0"},
				"east": {"uv": [0, 0, 1, 0], "rotation": 180, "texture": "#0"},
				"south": {"uv": [0, 0, 2, 0], "rotation": 180, "texture": "#0"},
				"west": {"uv": [0, 0, 1, 0], "rotation": 180, "texture": "#0"},
				"up": {"uv": [12, 13, 10, 14], "rotation": 180, "texture": "#0"},
				"down": {"uv": [10, 14, 8, 13], "rotation": 180, "texture": "#0"}
			}
		},
		{
			"from": [13, -1.5, 7.5],
			"to": [15, 2.5, 8.5],
			"rotation": {"angle": 22.5, "axis": "z", "origin": [13, 2.5, 8]},
			"faces": {
				"north": {"uv": [0, 8, 2, 12], "texture": "#0"},
				"east": {"uv": [4, 10, 5, 14], "texture": "#0"},
				"south": {"uv": [8, 0, 10, 4], "texture": "#0"},
				"west": {"uv": [5, 10, 6, 14], "texture": "#0"},
				"up": {"uv": [15, 1, 13, 0], "texture": "#0"},
				"down": {"uv": [15, 1, 13, 2], "texture": "#0"}
			}
		}
	],
	"display": {
		"thirdperson_righthand": {
			"rotation": [90, -90, 90],
			"translation": [0, 4.75, -3.75]
		},
		"thirdperson_lefthand": {
			"rotation": [90, 90, -90],
			"translation": [0, 4.75, -3.75]
		},
		"firstperson_righthand": {
			"rotation": [2.71, -75.32, -29],
			"translation": [0.75, 6.25, -1.25]
		},
		"firstperson_lefthand": {
			"rotation": [-25.54, 75.32, 29],
			"translation": [0.75, 6.25, -1.25]
		},
		"gui": {
			"rotation": [29, 38, -34],
			"translation": [2.5, 8, -0.25],
			"scale": [1.8, 1.8, 1.8]
		},
		"fixed": {
			"rotation": [0, 0, -34],
			"translation": [3.25, 9.25, -0.25],
			"scale": [2, 2, 2]
		}
	}
}