{
	"credit": "Made with Blockbench",
	"texture_size": [32, 32],
	"textures": {
		"0": "item/bow/4",
		"particle": "item/bow/4"
	},
	"elements": [
		{
			"from": [10, 0, 7.5],
			"to": [12, 5, 8.5],
			"rotation": {"angle": 22.5, "axis": "z", "origin": [10.5, 0.5, 8]},
			"faces": {
				"north": {"uv": [0, 9, 1, 11.5], "texture": "#0"},
				"east": {"uv": [9, 10, 9.5, 12.5], "texture": "#0"},
				"south": {"uv": [9, 0, 10, 2.5], "texture": "#0"},
				"west": {"uv": [9.5, 10, 10, 12.5], "texture": "#0"},
				"up": {"uv": [10, 4, 9, 3.5], "texture": "#0"},
				"down": {"uv": [11, 2, 10, 2.5], "texture": "#0"}
			}
		},
		{
			"from": [6, 4, 7],
			"to": [13, 6, 9],
			"rotation": {"angle": 0, "axis": "z", "origin": [10.5, 0.5, 8]},
			"faces": {
				"north": {"uv": [7, 4, 10.5, 5], "texture": "#0"},
				"east": {"uv": [6, 10.5, 7, 11.5], "texture": "#0"},
				"south": {"uv": [5, 7, 8.5, 8], "texture": "#0"},
				"west": {"uv": [10.5, 6.5, 11.5, 7.5], "texture": "#0"},
				"up": {"uv": [10.5, 6, 7, 5], "texture": "#0"},
				"down": {"uv": [10.5, 6, 7, 7], "texture": "#0"}
			}
		},
		{
			"from": [7, 2.5, 7.5],
			"to": [9.25, 2.51, 8.5],
			"rotation": {"angle": 0, "axis": "z", "origin": [7.025, 2.5, 8]},
			"faces": {
				"north": {"uv": [0, 0, 1, 0], "texture": "#0"},
				"east": {"uv": [0, 0, 0.5, 0], "texture": "#0"},
				"south": {"uv": [0, 0, 1, 0], "texture": "#0"},
				"west": {"uv": [0, 0, 0.5, 0], "texture": "#0"},
				"up": {"uv": [12.5, 4.5, 11.5, 4], "texture": "#0"},
				"down": {"uv": [5.5, 11.5, 4.5, 12], "texture": "#0"}
			}
		},
		{
			"from": [7.25, 3.5, 7.5],
			"to": [9.25, 3.51, 8.5],
			"rotation": {"angle": 45, "axis": "z", "origin": [8.125, 3.5, 8]},
			"faces": {
				"north": {"uv": [0, 0, 1, 0], "texture": "#0"},
				"east": {"uv": [0, 0, 0.5, 0], "texture": "#0"},
				"south": {"uv": [0, 0, 1, 0], "texture": "#0"},
				"west": {"uv": [0, 0, 0.5, 0], "texture": "#0"},
				"up": {"uv": [12.5, 6, 11.5, 5.5], "texture": "#0"},
				"down": {"uv": [7, 11.5, 6, 12], "texture": "#0"}
			}
		},
		{
			"from": [7.025, 2.475, 7.5],
			"to": [7.035, 4.725, 8.5],
			"rotation": {"angle": 22.5, "axis": "z", "origin": [7.025, 2.5, 8]},
			"faces": {
				"north": {"uv": [0, 0, 0, 1], "texture": "#0"},
				"east": {"uv": [11.5, 4.5, 12, 5.5], "texture": "#0"},
				"south": {"uv": [0, 0, 0, 1], "texture": "#0"},
				"west": {"uv": [5.5, 11.5, 6, 12.5], "texture": "#0"},
				"up": {"uv": [0, 0.5, 0, 0], "texture": "#0"},
				"down": {"uv": [0, 0, 0, 0.5], "texture": "#0"}
			}
		},
		{
			"from": [13, 4, 8],
			"to": [16, 10, 8.01],
			"rotation": {"angle": 0, "axis": "z", "origin": [10.5, 0.6, 8]},
			"faces": {
				"north": {"uv": [0, 6, 1.5, 9], "texture": "#0"},
				"east": {"uv": [0, 0, 0, 3], "texture": "#0"},
				"south": {"uv": [1.5, 6, 3, 9], "texture": "#0"},
				"west": {"uv": [0, 0, 0, 3], "texture": "#0"},
				"up": {"uv": [1.5, 0, 0, 0], "texture": "#0"},
				"down": {"uv": [1.5, 0, 0, 0], "texture": "#0"}
			}
		},
		{
			"from": [7, 5.1, 3],
			"to": [9, 10.1, 8],
			"rotation": {"angle": 45, "axis": "x", "origin": [9.5, 5.1, 8]},
			"faces": {
				"north": {"uv": [1, 9, 2, 11.5], "texture": "#0"},
				"east": {"uv": [4.5, 2, 7, 4.5], "texture": "#0"},
				"south": {"uv": [2, 9, 3, 11.5], "texture": "#0"},
				"west": {"uv": [4.5, 4.5, 7, 7], "texture": "#0"},
				"up": {"uv": [4, 11.5, 3, 9], "texture": "#0"},
				"down": {"uv": [5, 9, 4, 11.5], "texture": "#0"}
			}
		},
		{
			"from": [3, 5.6, 3.5],
			"to": [12, 9.6, 7.5],
			"rotation": {"angle": 45, "axis": "x", "origin": [9.5, 5.1, 8]},
			"faces": {
				"north": {"uv": [0, 0, 4.5, 2], "texture": "#0"},
				"east": {"uv": [7, 2, 9, 4], "texture": "#0"},
				"south": {"uv": [0, 2, 4.5, 4], "texture": "#0"},
				"west": {"uv": [3, 7, 5, 9], "texture": "#0"},
				"up": {"uv": [4.5, 6, 0, 4], "texture": "#0"},
				"down": {"uv": [9, 0, 4.5, 2], "texture": "#0"}
			}
		},
		{
			"from": [12, 6.6, 4.5],
			"to": [13, 8.6, 6.5],
			"rotation": {"angle": 45, "axis": "x", "origin": [9.5, 5.1, 8]},
			"faces": {
				"north": {"uv": [3, 11.5, 3.5, 12.5], "texture": "#0"},
				"east": {"uv": [11, 9.5, 12, 10.5], "texture": "#0"},
				"south": {"uv": [11.5, 3, 12, 4], "texture": "#0"},
				"west": {"uv": [10, 11, 11, 12], "texture": "#0"},
				"up": {"uv": [4, 12.5, 3.5, 11.5], "texture": "#0"},
				"down": {"uv": [4.5, 11.5, 4, 12.5], "texture": "#0"}
			}
		},
		{
			"from": [1, 4, 7],
			"to": [5, 6, 9],
			"rotation": {"angle": 0, "axis": "z", "origin": [10.5, 0.5, 8]},
			"faces": {
				"north": {"uv": [8.5, 7, 10.5, 8], "texture": "#0"},
				"east": {"uv": [7, 10.5, 8, 11.5], "texture": "#0"},
				"south": {"uv": [9, 2.5, 11, 3.5], "texture": "#0"},
				"west": {"uv": [8, 10.5, 9, 11.5], "texture": "#0"},
				"up": {"uv": [11, 9, 9, 8], "texture": "#0"},
				"down": {"uv": [11, 9, 9, 10], "texture": "#0"}
			}
		},
		{
			"from": [1.25, 3.75, 6.75],
			"to": [4.75, 5.75, 9.25],
			"rotation": {"angle": 0, "axis": "z", "origin": [10.5, 0.5, 8]},
			"faces": {
				"north": {"uv": [5, 9.5, 7, 10.5], "texture": "#0"},
				"east": {"uv": [3, 6, 4.5, 7], "texture": "#0"},
				"south": {"uv": [7, 9.5, 9, 10.5], "texture": "#0"},
				"west": {"uv": [10, 0, 11.5, 1], "texture": "#0"},
				"up": {"uv": [7, 9.5, 5, 8], "texture": "#0"},
				"down": {"uv": [9, 8, 7, 9.5], "texture": "#0"}
			}
		},
		{
			"from": [-2, 4, 7],
			"to": [0, 6, 9],
			"rotation": {"angle": 0, "axis": "z", "origin": [10.5, 0.5, 8]},
			"faces": {
				"north": {"uv": [10, 1, 11, 2], "texture": "#0"},
				"east": {"uv": [10, 10, 11, 11], "texture": "#0"},
				"south": {"uv": [10.5, 3.5, 11.5, 4.5], "texture": "#0"},
				"west": {"uv": [10.5, 4.5, 11.5, 5.5], "texture": "#0"},
				"up": {"uv": [6, 11.5, 5, 10.5], "texture": "#0"},
				"down": {"uv": [11.5, 5.5, 10.5, 6.5], "texture": "#0"}
			}
		},
		{
			"from": [5, 4.25, 7.25],
			"to": [6, 5.75, 8.75],
			"rotation": {"angle": 0, "axis": "z", "origin": [10.5, 0.5, 8]},
			"faces": {
				"north": {"uv": [11, 10.5, 11.5, 11.5], "texture": "#0"},
				"east": {"uv": [11, 1, 12, 2], "texture": "#0"},
				"south": {"uv": [0, 11.5, 0.5, 12.5], "texture": "#0"},
				"west": {"uv": [11, 2, 12, 3], "texture": "#0"},
				"up": {"uv": [12, 1, 11.5, 0], "texture": "#0"},
				"down": {"uv": [1, 11.5, 0.5, 12.5], "texture": "#0"}
			}
		},
		{
			"from": [0, 4.25, 7.25],
			"to": [1, 5.75, 8.75],
			"rotation": {"angle": 0, "axis": "z", "origin": [10.5, 0.5, 8]},
			"faces": {
				"north": {"uv": [1, 11.5, 1.5, 12.5], "texture": "#0"},
				"east": {"uv": [11, 7.5, 12, 8.5], "texture": "#0"},
				"south": {"uv": [1.5, 11.5, 2, 12.5], "texture": "#0"},
				"west": {"uv": [11, 8.5, 12, 9.5], "texture": "#0"},
				"up": {"uv": [2.5, 12.5, 2, 11.5], "texture": "#0"},
				"down": {"uv": [3, 11.5, 2.5, 12.5], "texture": "#0"}
			}
		}
	],
	"display": {
		"thirdperson_righthand": {
			"rotation": [0, -87, 0],
			"translation": [0, 4, 0.75]
		},
		"thirdperson_lefthand": {
			"rotation": [0, 93, 0],
			"translation": [0, 4, 0.75]
		},
		"firstperson_righthand": {
			"rotation": [5.87, -70.37, -15],
			"translation": [1.5, 2.5, -1.75]
		},
		"firstperson_lefthand": {
			"rotation": [38.39, 74.15, -15.23],
			"translation": [5.75, 1.75, 0]
		},
		"ground": {
			"translation": [0, 5.75, 0]
		},
		"gui": {
			"rotation": [23.4, 4.01, -25.56],
			"translation": [2.75, 3.5, -1],
			"scale": [1.5, 1.5, 1.5]
		},
		"fixed": {
			"translation": [1, 3.5, -1],
			"scale": [1.5, 1.5, 1.5]
		}
	}
}