{
	"credit": "Made with Blockbench",
	"texture_size": [32, 32],
	"textures": {
		"0": "item/netherite_sword/1",
		"particle": "item/netherite_sword/1"
	},
	"elements": [
		{
			"from": [0, 0, 0],
			"to": [1, 7, 1],
			"faces": {
				"north": {"uv": [6, 8, 6.5, 11.5], "texture": "#0"},
				"east": {"uv": [6.5, 8, 7, 11.5], "texture": "#0"},
				"south": {"uv": [7, 8, 7.5, 11.5], "texture": "#0"},
				"west": {"uv": [7.5, 8, 8, 11.5], "texture": "#0"},
				"up": {"uv": [9.5, 8.5, 9, 8], "texture": "#0"},
				"down": {"uv": [9.5, 8.5, 9, 9], "texture": "#0"}
			}
		},
		{
			"from": [-0.5, 7, -0.25],
			"to": [4.5, 8.5, 1.25],
			"rotation": {"angle": -45, "axis": "z", "origin": [0.5, 7.5, 0.5]},
			"faces": {
				"north": {"uv": [6, 0, 8.5, 1], "texture": "#0"},
				"east": {"uv": [8, 8, 9, 9], "texture": "#0"},
				"south": {"uv": [6, 1, 8.5, 2], "texture": "#0"},
				"west": {"uv": [8.5, 0, 9.5, 1], "texture": "#0"},
				"up": {"uv": [8.5, 3, 6, 2], "texture": "#0"},
				"down": {"uv": [8.5, 3, 6, 4], "texture": "#0"}
			}
		},
		{
			"from": [-3.5, 7, -0.25],
			"to": [1.5, 8.5, 1.25],
			"rotation": {"angle": 45, "axis": "z", "origin": [0.5, 7.5, 0.5]},
			"faces": {
				"north": {"uv": [6, 4, 8.5, 5], "texture": "#0"},
				"east": {"uv": [8.5, 1, 9.5, 2], "texture": "#0"},
				"south": {"uv": [6, 5, 8.5, 6], "texture": "#0"},
				"west": {"uv": [8.5, 2, 9.5, 3], "texture": "#0"},
				"up": {"uv": [8.5, 7, 6, 6], "texture": "#0"},
				"down": {"uv": [8.5, 7, 6, 8], "texture": "#0"}
			}
		},
		{
			"from": [-3, 6.25, 0.5],
			"to": [3, 29.25, 0.5],
			"faces": {
				"north": {"uv": [3, 0, 0, 11.5], "texture": "#0"},
				"east": {"uv": [0, 0, 0, 11.5], "texture": "#0"},
				"south": {"uv": [6, 0, 3, 11.5], "texture": "#0"},
				"west": {"uv": [0, 0, 0, 11.5], "texture": "#0"},
				"up": {"uv": [3, 0, 0, 0], "texture": "#0"},
				"down": {"uv": [3, 0, 0, 0], "texture": "#0"}
			}
		},
		{
			"from": [-0.25, -0.25, -0.25],
			"to": [1.25, 1.25, 1.25],
			"rotation": {"angle": -45, "axis": "z", "origin": [0.5, 0.5, 0.5]},
			"faces": {
				"north": {"uv": [8.5, 3, 9.5, 4], "texture": "#0"},
				"east": {"uv": [8.5, 4, 9.5, 5], "texture": "#0"},
				"south": {"uv": [8.5, 5, 9.5, 6], "texture": "#0"},
				"west": {"uv": [8.5, 6, 9.5, 7], "texture": "#0"},
				"up": {"uv": [9.5, 8, 8.5, 7], "texture": "#0"},
				"down": {"uv": [9, 9, 8, 10], "texture": "#0"}
			}
		},
		{
			"from": [-5.75, 4.75, -0.5],
			"to": [-3.75, 6.75, 1.5],
			"rotation": {"angle": -45, "axis": "z", "origin": [0.5, 0.5, 0.5]},
			"faces": {
				"north": {"uv": [8.5, 3, 9.5, 4], "texture": "#0"},
				"east": {"uv": [8.5, 4, 9.5, 5], "texture": "#0"},
				"south": {"uv": [8.5, 5, 9.5, 6], "texture": "#0"},
				"west": {"uv": [8.5, 6, 9.5, 7], "texture": "#0"},
				"up": {"uv": [9.5, 8, 8.5, 7], "texture": "#0"},
				"down": {"uv": [9, 9, 8, 10], "texture": "#0"}
			}
		}
	],
	"display": {
		"thirdperson_righthand": {
			"rotation": [0, -90, 0],
			"translation": [-7.75, 3, 8.5]
		},
		"thirdperson_lefthand": {
			"rotation": [0, 90, 0],
			"translation": [7, 3, 8.5]
		},
		"firstperson_righthand": {
			"rotation": [-11, -79, 0],
			"translation": [1.5, 3.5, 2.75]
		},
		"firstperson_lefthand": {
			"rotation": [-15, 108, 0],
			"translation": [15, 3.5, 0]
		},
		"ground": {
			"rotation": [45, 45, 0],
			"translation": [11.25, 6.25, 0]
		},
		"gui": {
			"rotation": [0, 0, 45],
			"translation": [9.5, 1, 10.75]
		},
		"fixed": {
			"rotation": [0, 0, 45],
			"translation": [11, 5, 10.75],
			"scale": [1.5, 1.5, 1.5]
		}
	}
}