{
	"credit": "Made with Blockbench",
	"texture_size": [32, 32],
	"textures": {
		"0": "item/netherite_sword/10",
		"particle": "item/netherite_sword/10"
	},
	"elements": [
		{
			"from": [0, 0, 0],
			"to": [1, 7, 1],
			"faces": {
				"north": {"uv": [9, 3, 9.5, 6.5], "texture": "#0"},
				"east": {"uv": [9, 6.5, 9.5, 10], "texture": "#0"},
				"south": {"uv": [9.5, 3, 10, 6.5], "texture": "#0"},
				"west": {"uv": [9.5, 6.5, 10, 10], "texture": "#0"},
				"up": {"uv": [10.5, 4.5, 10, 4], "texture": "#0"},
				"down": {"uv": [10.5, 4.5, 10, 5], "texture": "#0"}
			}
		},
		{
			"from": [-5, 7, -0.5],
			"to": [5, 8, 1.5],
			"faces": {
				"north": {"uv": [9, 2, 14, 2.5], "texture": "#0"},
				"east": {"uv": [10, 3, 11, 3.5], "texture": "#0"},
				"south": {"uv": [9, 2.5, 14, 3], "texture": "#0"},
				"west": {"uv": [10, 3.5, 11, 4], "texture": "#0"},
				"up": {"uv": [14, 1, 9, 0], "texture": "#0"},
				"down": {"uv": [14, 1, 9, 2], "texture": "#0"}
			}
		},
		{
			"from": [-4, 8, 0.5],
			"to": [5, 32, 0.5],
			"faces": {
				"north": {"uv": [0, 0, 4.5, 12], "texture": "#0"},
				"east": {"uv": [0, 0, 0, 12], "texture": "#0"},
				"south": {"uv": [4.5, 0, 9, 12], "texture": "#0"},
				"west": {"uv": [0, 0, 0, 12], "texture": "#0"},
				"up": {"uv": [4.5, 0, 0, 0], "texture": "#0"},
				"down": {"uv": [4.5, 0, 0, 0], "texture": "#0"}
			}
		}
	],
	"display": {
		"thirdperson_righthand": {
			"rotation": [0, -90, 0],
			"translation": [-11.75, 5.5, 11.75],
			"scale": [1.5, 1.5, 1.5]
		},
		"thirdperson_lefthand": {
			"rotation": [0, 90, 0],
			"translation": [10.75, 5.5, 11.75],
			"scale": [1.5, 1.5, 1.5]
		},
		"firstperson_righthand": {
			"rotation": [-15, -75, 0],
			"translation": [3.75, 0, 0]
		},
		"firstperson_lefthand": {
			"rotation": [-15, 84, 0],
			"translation": [16.25, 0.75, -1.75]
		},
		"ground": {
			"rotation": [45, 45, 0],
			"translation": [10.75, 3.75, 0]
		},
		"gui": {
			"rotation": [0, 0, 45],
			"translation": [11, 0, 7]
		},
		"fixed": {
			"rotation": [0, 0, 45],
			"translation": [11, 0, 7]
		}
	}
}