{
	"credit": "Made with Blockbench",
	"parent": "item/generated",
	"textures": {
		"layer0": "item/netherite_sword/11"
	},
	"gui_light": "front",
	"display": {
		"thirdperson_righthand": {
			"rotation": [0, 90, 45],
			"translation": [0, 3.5, 1.5],
			"scale": [2, 2, 1]
		},
		"thirdperson_lefthand": {
			"rotation": [-180, -90, -45],
			"translation": [0, -6.75, 1.5],
			"scale": [2, 2, 1]
		},
		"firstperson_righthand": {
			"rotation": [0, 90, 30],
			"translation": [1.5, 5.75, 1.5],
			"scale": [1.36, 1.36, 0.68]
		},
		"firstperson_lefthand": {
			"rotation": [-180, -90, -30],
			"translation": [4, 1.5, 1],
			"scale": [1.36, 1.36, 0.68]
		},
		"ground": {
			"translation": [1.25, 4.25, 0],
			"scale": [1, 1, 0.5]
		},
		"gui": {
			"rotation": [0, 0, 90],
			"translation": [-1.25, 1.25, -0.5],
			"scale": [1.5, 1.5, 1]
		},
		"fixed": {
			"rotation": [0, 0, 90],
			"translation": [-2, 2, -0.5],
			"scale": [2, 2, 1]
		}
	}
}