{
	"credit": "Made with Blockbench",
	"textures": {
		"0": "item/netherite_sword/12",
		"1": "item/netherite_sword/12.1",
		"particle": "item/netherite_sword/12"
	},
	"elements": [
		{
			"from": [0, 0, 0],
			"to": [3, 6, 4],
			"faces": {
				"north": {"uv": [0, 6, 3, 12], "texture": "#0"},
				"east": {"uv": [0, 0, 4, 6], "texture": "#0"},
				"south": {"uv": [3, 6, 6, 12], "texture": "#0"},
				"west": {"uv": [4, 0, 8, 6], "texture": "#0"},
				"up": {"uv": [9, 10, 6, 6], "texture": "#0"},
				"down": {"uv": [11, 4, 8, 0], "texture": "#0"}
			}
		},
		{
			"from": [3, 6, 0],
			"to": [3, 10, 4],
			"rotation": {"angle": 0, "axis": "z", "origin": [3, 6, 0]},
			"faces": {
				"north": {"uv": [0, 0, 0, 4], "texture": "#0"},
				"east": {"uv": [12, 12, 16, 16], "texture": "#0"},
				"south": {"uv": [0, 0, 0, 4], "texture": "#0"},
				"west": {"uv": [12, 12, 16, 16], "texture": "#0"},
				"up": {"uv": [0, 0, 0, 4], "texture": "#0"},
				"down": {"uv": [0, 0, 0, 4], "texture": "#0"}
			}
		},
		{
			"from": [2.5, 2, 1],
			"to": [3.5, 4, 3],
			"faces": {
				"north": {"uv": [3, 2, 4, 4], "texture": "#0"},
				"east": {"uv": [1, 2, 3, 4], "texture": "#0"},
				"south": {"uv": [0, 2, 1, 4], "texture": "#0"},
				"west": {"uv": [1, 2, 3, 4], "texture": "#0"},
				"up": {"uv": [0, 2, 1, 4], "texture": "#0"},
				"down": {"uv": [3, 2, 4, 4], "texture": "#0"}
			}
		},
		{
			"from": [3.25, -1, -2],
			"to": [3.25, 7, 6],
			"faces": {
				"north": {"uv": [3, 2, 4, 4], "texture": "#0"},
				"east": {"uv": [0, 0, 16, 16], "texture": "#1"},
				"south": {"uv": [0, 2, 1, 4], "texture": "#0"},
				"west": {"uv": [16, 0, 0, 16], "texture": "#1"},
				"up": {"uv": [0, 2, 1, 4], "texture": "#0"},
				"down": {"uv": [3, 2, 4, 4], "texture": "#0"}
			}
		}
	],
	"gui_light": "front",
	"display": {
		"thirdperson_righthand": {
			"rotation": [90, 0, 0],
			"translation": [8.5, -9.75, 8.25],
			"scale": [1.3, 1.3, 1.3]
		},
		"thirdperson_lefthand": {
			"rotation": [90, -180, 0],
			"translation": [8.5, 5.75, 8.25],
			"scale": [1.3, 1.3, 1.3]
		},
		"firstperson_righthand": {
			"rotation": [78, 58, 30],
			"translation": [9, 1, 6.5]
		},
		"firstperson_lefthand": {
			"rotation": [151, -180, 30],
			"translation": [15, 1.5, 4.25]
		},
		"ground": {
			"rotation": [90, 90, 0],
			"translation": [6, 4.75, 3.75]
		},
		"gui": {
			"rotation": [45, -45, 90],
			"translation": [-15, 7, 0],
			"scale": [2, 2, 2]
		},
		"head": {
			"translation": [12.75, 3.5, 2.75]
		},
		"fixed": {
			"rotation": [-90, 0, 90],
			"translation": [-9, 11.75, -13.75],
			"scale": [2, 2, 2]
		}
	}
}