{
	"credit": "Made with Blockbench",
	"textures": {
		"0": "item/netherite_sword/13",
		"particle": "item/netherite_sword/13"
	},
	"elements": [
		{
			"from": [7, 0, 7.5],
			"to": [8, 4, 8.5],
			"faces": {
				"north": {"uv": [6, 0, 7, 4], "texture": "#0"},
				"east": {"uv": [6, 4, 7, 8], "texture": "#0"},
				"south": {"uv": [0, 7, 1, 11], "texture": "#0"},
				"west": {"uv": [7, 0, 8, 4], "texture": "#0"},
				"up": {"uv": [2, 8, 1, 7], "texture": "#0"},
				"down": {"uv": [3, 7, 2, 8], "texture": "#0"}
			}
		},
		{
			"from": [7.005, 3, 7.95],
			"to": [10.005, 10, 8.05],
			"faces": {
				"north": {"uv": [0, 0, 3, 7], "texture": "#0"},
				"east": {"uv": [0, 0, 0, 7], "texture": "#0"},
				"south": {"uv": [6, 0, 3, 7], "texture": "#0"},
				"west": {"uv": [3, 0, 2, 7], "texture": "#0"},
				"up": {"uv": [3, 0, 0, 0], "texture": "#0"},
				"down": {"uv": [3, 7, 0, 7], "texture": "#0"}
			}
		}
	],
	"display": {
		"thirdperson_righthand": {
			"rotation": [0, 90, 0],
			"translation": [0, 5.25, 0.75]
		},
		"thirdperson_lefthand": {
			"rotation": [180, 90, 0],
			"translation": [0, -9.25, 0.5]
		},
		"firstperson_righthand": {
			"rotation": [0, 109, 0],
			"translation": [2.75, 5, -1.25]
		},
		"firstperson_lefthand": {
			"rotation": [0, -82, 0],
			"translation": [-21.25, 5, -1.25]
		},
		"ground": {
			"translation": [0, 5, 0]
		},
		"gui": {
			"rotation": [0, 0, 45],
			"translation": [-3.5, 5, 0.75],
			"scale": [2, 2, 2]
		},
		"fixed": {
			"rotation": [0, 0, 45],
			"translation": [-3.5, 4.5, 0.75],
			"scale": [2, 2, 2]
		}
	}
}