{
	"credit": "Made with Blockbench",
	"parent": "item/generated",
	"textures": {
		"layer0": "item/netherite_sword/16"
	},
	"gui_light": "front",
	"display": {
		"thirdperson_righthand": {
			"rotation": [0, -90, 0],
			"translation": [0, -3, 9.25],
			"scale": [2, 2, 1]
		},
		"thirdperson_lefthand": {
			"rotation": [0, 90, 0],
			"translation": [0, -3, 9.25],
			"scale": [2, 2, 1]
		},
		"firstperson_righthand": {
			"rotation": [0, -90, -12],
			"translation": [-1.25, 2.25, 9.75],
			"scale": [1.36, 1.36, 0.68]
		},
		"firstperson_lefthand": {
			"rotation": [0, 90, 12],
			"translation": [-1.25, 2.25, 9.75],
			"scale": [1.36, 1.36, 0.68]
		},
		"ground": {
			"translation": [9, 0.75, 0],
			"scale": [2, 2, 1]
		},
		"gui": {
			"rotation": [0, 0, -45],
			"translation": [7, -9, 0],
			"scale": [3, 3, 1.5]
		},
		"head": {
			"rotation": [0, 0, -108],
			"translation": [-4, 3.5, 0],
			"scale": [2, 2, 1]
		},
		"fixed": {
			"rotation": [0, 0, -45],
			"translation": [7, -9, 0],
			"scale": [3, 3, 1.5]
		}
	}
}