{
	"credit": "Made with Blockbench",
	"parent": "item/generated",
	"textures": {
		"layer0": "item/netherite_sword/2"
	},
	"gui_light": "front",
	"display": {
		"thirdperson_righthand": {
			"rotation": [0, 90, 45],
			"translation": [0, 16.75, 2],
			"scale": [2, 2, 1]
		},
		"thirdperson_lefthand": {
			"rotation": [0, 90, -45],
			"translation": [0, 16.75, 2],
			"scale": [2, 2, 1]
		},
		"firstperson_righthand": {
			"rotation": [0, 90, 30],
			"translation": [3, 9.25, 0],
			"scale": [1.36, 1.36, 0.68]
		},
		"firstperson_lefthand": {
			"rotation": [0, -90, -30],
			"translation": [2.75, 6.5, 0],
			"scale": [1.36, 1.36, 0.68]
		},
		"ground": {
			"translation": [7, 12, 0],
			"scale": [2, 2, 1]
		},
		"gui": {
			"rotation": [0, -180, 90],
			"translation": [3, 3, 0],
			"scale": [1.5, 1.5, 1]
		},
		"head": {
			"rotation": [0, 0, -108],
			"translation": [-4, 3.5, 0],
			"scale": [2, 2, 1]
		},
		"fixed": {
			"rotation": [0, 0, 90],
			"translation": [-4.25, 4.25, 0],
			"scale": [2, 2, 1]
		}
	}
}