{
	"credit": "Made with Blockbench",
	"parent": "item/generated",
	"textures": {
		"layer0": "item/netherite_sword/5"
	},
	"gui_light": "front",
	"display": {
		"thirdperson_righthand": {
			"rotation": [0, 90, 45],
			"translation": [0, 16.5, 1.5],
			"scale": [2, 2, 1]
		},
		"thirdperson_lefthand": {
			"rotation": [0, -90, -45],
			"translation": [0, 16.5, 1.5],
			"scale": [2, 2, 1]
		},
		"firstperson_righthand": {
			"rotation": [0, 90, 30],
			"translation": [1.5, 13, 0],
			"scale": [1.36, 1.36, 0.68]
		},
		"firstperson_lefthand": {
			"rotation": [0, -90, -30],
			"translation": [0.25, 13, 1],
			"scale": [1.36, 1.36, 0.68]
		},
		"ground": {
			"translation": [5.75, 8.5, 0],
			"scale": [1.5, 1.5, 0.75]
		},
		"gui": {
			"rotation": [0, -180, 90],
			"translation": [7, 7.5, 0],
			"scale": [2, 2, 1]
		},
		"fixed": {
			"rotation": [0, 0, 90],
			"translation": [-6.75, 6.75, -0.5],
			"scale": [2, 2, 1]
		}
	}
}