{
	"credit": "Made with Blockbench",
	"texture_size": [32, 32],
	"textures": {
		"0": "item/netherite_sword/7",
		"particle": "item/netherite_sword/7"
	},
	"elements": [
		{
			"from": [0, 1, 0],
			"to": [1, 6, 1],
			"faces": {
				"north": {"uv": [5, 5, 5.5, 7.5], "texture": "#0"},
				"east": {"uv": [5.5, 0, 6, 2.5], "texture": "#0"},
				"south": {"uv": [5.5, 5, 6, 7.5], "texture": "#0"},
				"west": {"uv": [6, 0, 6.5, 2.5], "texture": "#0"},
				"up": {"uv": [7.5, 7, 7, 6.5], "texture": "#0"},
				"down": {"uv": [7.5, 7, 7, 7.5], "texture": "#0"}
			}
		},
		{
			"from": [0, 5, 0],
			"to": [1, 6, 1],
			"rotation": {"angle": 22.5, "axis": "z", "origin": [0, 5, 0]},
			"faces": {
				"north": {"uv": [7.5, 3, 8, 3.5], "texture": "#0"},
				"east": {"uv": [7.5, 3.5, 8, 4], "texture": "#0"},
				"south": {"uv": [4, 7.5, 4.5, 8], "texture": "#0"},
				"west": {"uv": [4.5, 7.5, 5, 8], "texture": "#0"},
				"up": {"uv": [8, 5, 7.5, 4.5], "texture": "#0"},
				"down": {"uv": [5.5, 7.5, 5, 8], "texture": "#0"}
			}
		},
		{
			"from": [0, 5, 0],
			"to": [1, 6, 1],
			"rotation": {"angle": -22.5, "axis": "z", "origin": [1, 5, 0]},
			"faces": {
				"north": {"uv": [5.5, 7.5, 6, 8], "texture": "#0"},
				"east": {"uv": [6, 7.5, 6.5, 8], "texture": "#0"},
				"south": {"uv": [6.5, 7.5, 7, 8], "texture": "#0"},
				"west": {"uv": [7.5, 6.5, 8, 7], "texture": "#0"},
				"up": {"uv": [7.5, 8, 7, 7.5], "texture": "#0"},
				"down": {"uv": [8, 7, 7.5, 7.5], "texture": "#0"}
			}
		},
		{
			"from": [0, 0, 0],
			"to": [1, 1, 1],
			"rotation": {"angle": -45, "axis": "z", "origin": [0.5, 0.5, 0.5]},
			"faces": {
				"north": {"uv": [7.5, 7.5, 8, 8], "texture": "#0"},
				"east": {"uv": [0, 8, 0.5, 8.5], "texture": "#0"},
				"south": {"uv": [0.5, 8, 1, 8.5], "texture": "#0"},
				"west": {"uv": [1, 8, 1.5, 8.5], "texture": "#0"},
				"up": {"uv": [2, 8.5, 1.5, 8], "texture": "#0"},
				"down": {"uv": [2.5, 8, 2, 8.5], "texture": "#0"}
			}
		},
		{
			"from": [-0.5, 5.5, -0.5],
			"to": [2.5, 8.5, 1.5],
			"rotation": {"angle": 45, "axis": "z", "origin": [0.5, 6.5, 0.5]},
			"faces": {
				"north": {"uv": [4, 0, 5.5, 1.5], "texture": "#0"},
				"east": {"uv": [4, 3, 5, 4.5], "texture": "#0"},
				"south": {"uv": [4, 1.5, 5.5, 3], "texture": "#0"},
				"west": {"uv": [4, 4.5, 5, 6], "texture": "#0"},
				"up": {"uv": [6.5, 4, 5, 3], "texture": "#0"},
				"down": {"uv": [6.5, 4, 5, 5], "texture": "#0"}
			}
		},
		{
			"from": [1.5, 6, 0],
			"to": [2.5, 7.25, 1],
			"rotation": {"angle": 22.5, "axis": "z", "origin": [2.5, 7.5, 0]},
			"faces": {
				"north": {"uv": [8, 2, 8.5, 2.5], "texture": "#0"},
				"east": {"uv": [2.5, 8, 3, 8.5], "texture": "#0"},
				"south": {"uv": [8, 2.5, 8.5, 3], "texture": "#0"},
				"west": {"uv": [3, 8, 3.5, 8.5], "texture": "#0"},
				"up": {"uv": [8.5, 3.5, 8, 3], "texture": "#0"},
				"down": {"uv": [4, 8, 3.5, 8.5], "texture": "#0"}
			}
		},
		{
			"from": [-1.5, 6, 0],
			"to": [-0.5, 7.25, 1],
			"rotation": {"angle": -22.5, "axis": "z", "origin": [-1.5, 7.5, 0]},
			"faces": {
				"north": {"uv": [8, 3.5, 8.5, 4], "texture": "#0"},
				"east": {"uv": [4, 8, 4.5, 8.5], "texture": "#0"},
				"south": {"uv": [8, 4, 8.5, 4.5], "texture": "#0"},
				"west": {"uv": [4.5, 8, 5, 8.5], "texture": "#0"},
				"up": {"uv": [8.5, 5, 8, 4.5], "texture": "#0"},
				"down": {"uv": [5.5, 8, 5, 8.5], "texture": "#0"}
			}
		},
		{
			"from": [-5, 8, 0.125],
			"to": [0, 9, 0.875],
			"rotation": {"angle": 22.5, "axis": "z", "origin": [0.5, 10, 0]},
			"faces": {
				"north": {"uv": [5.5, 2.5, 8, 3], "texture": "#0"},
				"east": {"uv": [5.5, 8, 6, 8.5], "texture": "#0"},
				"south": {"uv": [6, 5, 8.5, 5.5], "texture": "#0"},
				"west": {"uv": [6, 8, 6.5, 8.5], "texture": "#0"},
				"up": {"uv": [8.5, 6, 6, 5.5], "texture": "#0"},
				"down": {"uv": [8.5, 6, 6, 6.5], "texture": "#0"}
			}
		},
		{
			"from": [1, 8, 0.125],
			"to": [6, 9, 0.875],
			"rotation": {"angle": -22.5, "axis": "z", "origin": [0.5, 10, 0]},
			"faces": {
				"north": {"uv": [6.5, 0, 9, 0.5], "texture": "#0"},
				"east": {"uv": [6.5, 8, 7, 8.5], "texture": "#0"},
				"south": {"uv": [6.5, 0.5, 9, 1], "texture": "#0"},
				"west": {"uv": [8, 6.5, 8.5, 7], "texture": "#0"},
				"up": {"uv": [9, 1.5, 6.5, 1], "texture": "#0"},
				"down": {"uv": [9, 1.5, 6.5, 2], "texture": "#0"}
			}
		},
		{
			"from": [-0.75, 7.75, 0],
			"to": [1.75, 23.25, 1],
			"faces": {
				"north": {"uv": [0, 0, 1.5, 8], "texture": "#0"},
				"east": {"uv": [3, 0, 3.5, 8], "texture": "#0"},
				"south": {"uv": [1.5, 0, 3, 8], "texture": "#0"},
				"west": {"uv": [3.5, 0, 4, 8], "texture": "#0"},
				"up": {"uv": [8, 2.5, 6.5, 2], "texture": "#0"},
				"down": {"uv": [8, 4, 6.5, 4.5], "texture": "#0"}
			}
		},
		{
			"from": [-0.525, 22.475, 0],
			"to": [1.225, 24.225, 1],
			"rotation": {"angle": 45, "axis": "z", "origin": [0.5, 23.5, 0.5]},
			"faces": {
				"north": {"uv": [4, 6, 5, 7], "texture": "#0"},
				"east": {"uv": [6, 6.5, 6.5, 7.5], "texture": "#0"},
				"south": {"uv": [6.5, 3, 7.5, 4], "texture": "#0"},
				"west": {"uv": [6.5, 6.5, 7, 7.5], "texture": "#0"},
				"up": {"uv": [7.5, 5, 6.5, 4.5], "texture": "#0"},
				"down": {"uv": [5, 7, 4, 7.5], "texture": "#0"}
			}
		}
	],
	"display": {
		"thirdperson_righthand": {
			"rotation": [0, -90, 0],
			"translation": [-7.25, 3, 9]
		},
		"thirdperson_lefthand": {
			"rotation": [0, -90, 0],
			"translation": [-7.25, 3, -5.75]
		},
		"firstperson_righthand": {
			"rotation": [-17, -81, 0],
			"translation": [3.5, 0.5, 1.25]
		},
		"firstperson_lefthand": {
			"rotation": [-17, -81, 0],
			"translation": [0.5, -3.25, -9]
		},
		"ground": {
			"rotation": [45, 45, 45],
			"translation": [11.5, 3.25, -0.5]
		},
		"gui": {
			"rotation": [0, 0, 45],
			"translation": [7.75, 2.75, 6.75]
		},
		"head": {
			"rotation": [180, 0, 0],
			"translation": [7.5, 13, -8.5]
		},
		"fixed": {
			"rotation": [0, 0, 45],
			"translation": [7.75, 2.75, 8]
		}
	}
}