{
	"credit": "Made with Blockbench",
	"texture_size": [64, 64],
	"textures": {
		"0": "item/netherite_sword/8",
		"particle": "item/netherite_sword/8"
	},
	"elements": [
		{
			"from": [0, 0, 0],
			"to": [1, 7, 1],
			"faces": {
				"north": {"uv": [3.25, 7, 3.5, 8.75], "texture": "#0"},
				"east": {"uv": [3.5, 7, 3.75, 8.75], "texture": "#0"},
				"south": {"uv": [3.75, 7, 4, 8.75], "texture": "#0"},
				"west": {"uv": [4, 7, 4.25, 8.75], "texture": "#0"},
				"up": {"uv": [4.5, 7.25, 4.25, 7], "texture": "#0"},
				"down": {"uv": [4.75, 7, 4.5, 7.25], "texture": "#0"}
			}
		},
		{
			"from": [-3, 6.9, -0.5],
			"to": [4, 28, 1.5],
			"rotation": {"angle": 0, "axis": "y", "origin": [0, -1, 0]},
			"faces": {
				"north": {"uv": [0, 0, 1.75, 5.25], "texture": "#0"},
				"east": {"uv": [1.5, 5.25, 2, 10.5], "texture": "#0"},
				"south": {"uv": [1.75, 0, 3.5, 5.25], "texture": "#0"},
				"west": {"uv": [2, 5.25, 2.5, 10.5], "texture": "#0"},
				"up": {"uv": [8.25, 3.25, 6.5, 2.75], "texture": "#0"},
				"down": {"uv": [5, 6.5, 3.25, 7], "texture": "#0"}
			}
		},
		{
			"from": [-1.5, 25.75, -0.5],
			"to": [3.75, 31, 1.5],
			"rotation": {"angle": -45, "axis": "z", "origin": [0.5, 29, 0.5]},
			"faces": {
				"north": {"uv": [2.5, 5.25, 3.75, 6.5], "texture": "#0"},
				"east": {"uv": [5, 6.5, 5.5, 7.75], "texture": "#0"},
				"south": {"uv": [3.75, 5.25, 5, 6.5], "texture": "#0"},
				"west": {"uv": [5.5, 6.5, 6, 7.75], "texture": "#0"},
				"up": {"uv": [7.75, 5.25, 6.5, 4.75], "texture": "#0"},
				"down": {"uv": [7.25, 6.5, 6, 7], "texture": "#0"}
			}
		},
		{
			"from": [-0.8, 25.75, -0.75],
			"to": [3.7, 30.25, 1.75],
			"rotation": {"angle": -45, "axis": "z", "origin": [0.5, 29, 0.5]},
			"faces": {
				"north": {"uv": [5, 5.25, 6.25, 6.5], "texture": "#0"},
				"east": {"uv": [6.5, 1.5, 7.25, 2.75], "texture": "#0"},
				"south": {"uv": [6.25, 5.25, 7.5, 6.5], "texture": "#0"},
				"west": {"uv": [2.5, 6.5, 3.25, 7.75], "texture": "#0"},
				"up": {"uv": [7.5, 4, 6.5, 3.25], "texture": "#0"},
				"down": {"uv": [7.5, 4, 6.5, 4.75], "texture": "#0"}
			}
		},
		{
			"from": [-2.25, 7, -0.75],
			"to": [3.25, 27.5, 1.75],
			"rotation": {"angle": 0, "axis": "y", "origin": [0, -1, 0]},
			"faces": {
				"north": {"uv": [3.5, 0, 5, 5.25], "texture": "#0"},
				"east": {"uv": [0, 5.25, 0.75, 10.5], "texture": "#0"},
				"south": {"uv": [5, 0, 6.5, 5.25], "texture": "#0"},
				"west": {"uv": [0.75, 5.25, 1.5, 10.5], "texture": "#0"},
				"up": {"uv": [8, 0.75, 6.5, 0], "texture": "#0"},
				"down": {"uv": [8, 0.75, 6.5, 1.5], "texture": "#0"}
			}
		},
		{
			"from": [-0.25, -0.5, -0.25],
			"to": [1.25, 1, 1.25],
			"rotation": {"angle": -45, "axis": "z", "origin": [0.5, 0.25, 0.5]},
			"faces": {
				"north": {"uv": [15.5, 0, 16, 0.5], "rotation": 90, "texture": "#0"},
				"east": {"uv": [15.5, 0, 16, 0.5], "texture": "#0"},
				"south": {"uv": [15.5, 0, 16, 0.5], "texture": "#0"},
				"west": {"uv": [15.5, 0, 16, 0.5], "rotation": 90, "texture": "#0"},
				"up": {"uv": [15.5, 0, 16, 0.5], "rotation": 270, "texture": "#0"},
				"down": {"uv": [15.5, 0, 16, 0.5], "texture": "#0"}
			}
		}
	],
	"display": {
		"thirdperson_righthand": {
			"rotation": [0, -90, 0],
			"translation": [-11.75, 2.75, 12.5],
			"scale": [1.5, 1.5, 1.5]
		},
		"thirdperson_lefthand": {
			"rotation": [0, -90, 0],
			"translation": [-11.75, 2, -9.5],
			"scale": [1.5, 1.5, 1.5]
		},
		"firstperson_righthand": {
			"rotation": [-21, -70, 0],
			"translation": [6.75, -2.25, 4]
		},
		"firstperson_lefthand": {
			"rotation": [-28, 73, 0],
			"translation": [22, -4, 0]
		},
		"ground": {
			"rotation": [45, 45, 0],
			"translation": [10.5, 3, 0]
		},
		"gui": {
			"rotation": [0, 0, 45],
			"translation": [10.75, 0, 7.25]
		},
		"fixed": {
			"rotation": [0, 0, 45],
			"translation": [10.75, 0, 7.25]
		}
	}
}