{
	"credit": "Made with Blockbench",
	"texture_size": [32, 32],
	"textures": {
		"0": "item/netherite_sword/9",
		"particle": "item/netherite_sword/9"
	},
	"elements": [
		{
			"from": [0, 0, 0],
			"to": [1, 4, 1],
			"faces": {
				"north": {"uv": [8, 0, 9, 4], "texture": "#0"},
				"east": {"uv": [6, 6, 7, 10], "texture": "#0"},
				"south": {"uv": [7, 6, 8, 10], "texture": "#0"},
				"west": {"uv": [8, 4, 9, 8], "texture": "#0"},
				"up": {"uv": [9, 9, 9.5, 9.5], "texture": "#0"},
				"down": {"uv": [9, 10, 9.5, 10.5], "texture": "#0"}
			}
		},
		{
			"from": [0, 5, 0],
			"to": [2, 23, 1],
			"faces": {
				"north": {"uv": [0, 0, 2, 13], "texture": "#0"},
				"east": {"uv": [5, 0, 6, 13], "texture": "#0"},
				"south": {"uv": [2, 0, 4, 13], "texture": "#0"},
				"west": {"uv": [4, 0, 5, 13], "texture": "#0"},
				"up": {"uv": [0, 0, 1, 0.5], "texture": "#0"},
				"down": {"uv": [0, 0, 1, 0.5], "texture": "#0"}
			}
		},
		{
			"from": [-0.25, 4, -0.25],
			"to": [2.25, 5, 1.25],
			"faces": {
				"north": {"uv": [9, 7, 11, 8], "texture": "#0"},
				"east": {"uv": [10, 2, 10.75, 2.5], "texture": "#0"},
				"south": {"uv": [9, 9, 11, 10], "texture": "#0"},
				"west": {"uv": [7, 4, 7.75, 4.5], "texture": "#0"},
				"up": {"uv": [6, 3, 8, 5], "rotation": 90, "texture": "#0"},
				"down": {"uv": [6, 7, 8, 9], "rotation": 90, "texture": "#0"}
			}
		},
		{
			"from": [0, 23, 0],
			"to": [1.25, 24, 1],
			"faces": {
				"north": {"uv": [0, 0, 0.625, 0.5], "texture": "#0"},
				"east": {"uv": [0, 0, 0.5, 0.5], "texture": "#0"},
				"south": {"uv": [0, 0, 0.625, 0.5], "texture": "#0"},
				"west": {"uv": [0, 0, 0.5, 0.5], "texture": "#0"},
				"up": {"uv": [0, 0, 0.625, 0.5], "texture": "#0"},
				"down": {"uv": [0, 0, 0.625, 0.5], "texture": "#0"}
			}
		},
		{
			"from": [-0.75, 23.25, 0],
			"to": [2.25, 24.25, 1],
			"rotation": {"angle": -22.5, "axis": "z", "origin": [0.5, 23.5, 0.5]},
			"faces": {
				"north": {"uv": [9, 8, 10.5, 8.5], "texture": "#0"},
				"east": {"uv": [9, 8, 9.5, 8.5], "texture": "#0"},
				"south": {"uv": [9, 8, 10.5, 8.5], "texture": "#0"},
				"west": {"uv": [9, 8, 9.5, 8.5], "texture": "#0"},
				"up": {"uv": [9, 8, 10.5, 8.5], "texture": "#0"},
				"down": {"uv": [9, 8, 10.5, 8.5], "texture": "#0"}
			}
		}
	],
	"display": {
		"thirdperson_righthand": {
			"rotation": [0, 90, 0],
			"translation": [7, 4.5, -6.5]
		},
		"thirdperson_lefthand": {
			"rotation": [0, -90, 0],
			"translation": [-7.75, 4.5, -6.5]
		},
		"firstperson_righthand": {
			"rotation": [-13, 92, 0],
			"translation": [18.75, -1.5, -13]
		},
		"firstperson_lefthand": {
			"rotation": [-13, -94, 0],
			"translation": [5, -1.25, -14]
		},
		"ground": {
			"rotation": [65, 29, 0],
			"translation": [11.5, 0, 0]
		},
		"gui": {
			"rotation": [0, 0, -45],
			"translation": [2, -8.5, 0]
		},
		"fixed": {
			"rotation": [0, 0, 45],
			"translation": [9.25, 1.25, 8.25]
		}
	}
}