{
	"credit": "Made with Blockbench",
	"texture_size": [32, 32],
	"textures": {
		"0": "item/crossbow/1",
		"particle": "item/crossbow/1"
	},
	"elements": [
		{
			"from": [11.5, 6, 7.5],
			"to": [12.5, 14, 8.5],
			"rotation": {"angle": 0, "axis": "x", "origin": [12.5, 10, 7.25]},
			"faces": {
				"north": {"uv": [0, 0, 0.5, 4], "texture": "#0"},
				"east": {"uv": [0.5, 0, 1, 4], "texture": "#0"},
				"south": {"uv": [1, 0, 1.5, 4], "texture": "#0"},
				"west": {"uv": [1.5, 0, 2, 4], "texture": "#0"},
				"up": {"uv": [7.5, 7.5, 7, 7], "texture": "#0"},
				"down": {"uv": [0.5, 7.5, 0, 8], "texture": "#0"}
			}
		},
		{
			"from": [12.5, 8, 8],
			"to": [14.5, 11, 10],
			"rotation": {"angle": 0, "axis": "x", "origin": [12.5, 10, 7.25]},
			"faces": {
				"north": {"uv": [4, 5, 5, 6.5], "texture": "#0"},
				"east": {"uv": [5, 5, 6, 6.5], "texture": "#0"},
				"south": {"uv": [5.5, 0, 6.5, 1.5], "texture": "#0"},
				"west": {"uv": [5.5, 1.5, 6.5, 3], "texture": "#0"},
				"up": {"uv": [5, 7.5, 4, 6.5], "texture": "#0"},
				"down": {"uv": [7.5, 4, 6.5, 5], "texture": "#0"}
			}
		},
		{
			"from": [13, 10.5, 8.5],
			"to": [14, 11.5, 9.5],
			"rotation": {"angle": 0, "axis": "x", "origin": [12.5, 10, 7.25]},
			"faces": {
				"north": {"uv": [2, 7, 2.5, 7.5], "texture": "#0"},
				"east": {"uv": [2.5, 7, 3, 7.5], "texture": "#0"},
				"south": {"uv": [3, 7, 3.5, 7.5], "texture": "#0"},
				"west": {"uv": [3.5, 7, 4, 7.5], "texture": "#0"},
				"up": {"uv": [6.5, 7.5, 6, 7], "texture": "#0"},
				"down": {"uv": [7, 7, 6.5, 7.5], "texture": "#0"}
			}
		},
		{
			"from": [12, 8.5, 8.5],
			"to": [12, 11.5, 9.5],
			"rotation": {"angle": 0, "axis": "y", "origin": [13.5, 10, 8]},
			"faces": {
				"north": {"uv": [0, 0, 0, 1.5], "texture": "#0"},
				"east": {"uv": [5, 6.5, 5.5, 8], "texture": "#0"},
				"south": {"uv": [0, 0, 0, 1.5], "texture": "#0"},
				"west": {"uv": [5.5, 6.5, 6, 8], "texture": "#0"},
				"up": {"uv": [0, 0.5, 0, 0], "texture": "#0"},
				"down": {"uv": [0, 0, 0, 0.5], "texture": "#0"}
			}
		},
		{
			"from": [12, 11.5, 7.5],
			"to": [15, 11.5, 9.5],
			"rotation": {"angle": 0, "axis": "x", "origin": [13.5, 10, 8]},
			"faces": {
				"north": {"uv": [0, 0, 1.5, 0], "texture": "#0"},
				"east": {"uv": [0, 0, 1, 0], "texture": "#0"},
				"south": {"uv": [0, 0, 1.5, 0], "texture": "#0"},
				"west": {"uv": [0, 0, 1, 0], "texture": "#0"},
				"up": {"uv": [5.5, 4, 4, 3], "texture": "#0"},
				"down": {"uv": [5.5, 4, 4, 5], "texture": "#0"}
			}
		},
		{
			"from": [15, 8.5, 7.5],
			"to": [15, 11.5, 9.5],
			"rotation": {"angle": 0, "axis": "z", "origin": [13.5, 10, 8]},
			"faces": {
				"north": {"uv": [0, 0, 0, 1.5], "texture": "#0"},
				"east": {"uv": [4.5, 0, 5.5, 1.5], "texture": "#0"},
				"south": {"uv": [0, 0, 0, 1.5], "texture": "#0"},
				"west": {"uv": [4.5, 1.5, 5.5, 3], "texture": "#0"},
				"up": {"uv": [0, 1, 0, 0], "texture": "#0"},
				"down": {"uv": [0, 0, 0, 1], "texture": "#0"}
			}
		},
		{
			"from": [9.25, 1, 8],
			"to": [10.25, 9, 8],
			"rotation": {"angle": 0, "axis": "x", "origin": [12.5, 10, 7.25]},
			"faces": {
				"north": {"uv": [2, 0, 2.5, 3.5], "texture": "#0"},
				"east": {"uv": [0, 0, 0, 3.5], "texture": "#0"},
				"south": {"uv": [2.5, 0, 3, 3.5], "texture": "#0"},
				"west": {"uv": [0, 0, 0, 3.5], "texture": "#0"},
				"up": {"uv": [0.5, 0, 0, 0], "texture": "#0"},
				"down": {"uv": [0.5, 0, 0, 0], "texture": "#0"}
			}
		},
		{
			"from": [9.25, 11, 8],
			"to": [10.25, 19, 8],
			"rotation": {"angle": 0, "axis": "x", "origin": [12.5, 10, 7.25]},
			"faces": {
				"north": {"uv": [3, 0, 3.5, 3.5], "texture": "#0"},
				"east": {"uv": [0, 0, 0, 3.5], "texture": "#0"},
				"south": {"uv": [3.5, 0, 4, 3.5], "texture": "#0"},
				"west": {"uv": [0, 0, 0, 3.5], "texture": "#0"},
				"up": {"uv": [0.5, 0, 0, 0], "texture": "#0"},
				"down": {"uv": [0.5, 0, 0, 0], "texture": "#0"}
			}
		},
		{
			"from": [9.25, 9, 7],
			"to": [10.25, 11, 8],
			"rotation": {"angle": 0, "axis": "x", "origin": [12.5, 10, 7.25]},
			"faces": {
				"north": {"uv": [1.5, 4.5, 2, 5.5], "texture": "#0"},
				"east": {"uv": [5.5, 3.5, 6, 4.5], "texture": "#0"},
				"south": {"uv": [1.5, 6.5, 2, 7.5], "texture": "#0"},
				"west": {"uv": [6, 3.5, 6.5, 4.5], "texture": "#0"},
				"up": {"uv": [3.5, 8, 3, 7.5], "texture": "#0"},
				"down": {"uv": [4, 7.5, 3.5, 8], "texture": "#0"}
			}
		},
		{
			"from": [10.25, 9.5, 7.45],
			"to": [13.25, 10.5, 7.45],
			"rotation": {"angle": 0, "axis": "x", "origin": [12.5, 10, 7.25]},
			"faces": {
				"north": {"uv": [6, 6.5, 7.5, 7], "texture": "#0"},
				"east": {"uv": [0, 0, 0, 0.5], "texture": "#0"},
				"south": {"uv": [0, 7, 1.5, 7.5], "texture": "#0"},
				"west": {"uv": [0, 0, 0, 0.5], "texture": "#0"},
				"up": {"uv": [1.5, 0, 0, 0], "texture": "#0"},
				"down": {"uv": [1.5, 0, 0, 0], "texture": "#0"}
			}
		},
		{
			"from": [13.25, 9.5, 7],
			"to": [17.25, 10.5, 8],
			"rotation": {"angle": 0, "axis": "x", "origin": [12.5, 10, 7.25]},
			"faces": {
				"north": {"uv": [6, 5, 8, 5.5], "texture": "#0"},
				"east": {"uv": [4, 7.5, 4.5, 8], "texture": "#0"},
				"south": {"uv": [6, 5.5, 8, 6], "texture": "#0"},
				"west": {"uv": [7.5, 4, 8, 4.5], "texture": "#0"},
				"up": {"uv": [8, 6.5, 6, 6], "texture": "#0"},
				"down": {"uv": [8.5, 0, 6.5, 0.5], "texture": "#0"}
			}
		},
		{
			"from": [13.03073, 0.30448, 7.5],
			"to": [14.03073, 6.30448, 8.5],
			"rotation": {"angle": -22.5, "axis": "z", "origin": [12.5, 10, 7.25]},
			"faces": {
				"north": {"uv": [0, 4, 0.5, 7], "texture": "#0"},
				"east": {"uv": [4, 0, 4.5, 3], "texture": "#0"},
				"south": {"uv": [0.5, 4, 1, 7], "texture": "#0"},
				"west": {"uv": [1, 4, 1.5, 7], "texture": "#0"},
				"up": {"uv": [2.5, 8, 2, 7.5], "texture": "#0"},
				"down": {"uv": [3, 7.5, 2.5, 8], "texture": "#0"}
			}
		},
		{
			"from": [12.03073, 5.80448, 7],
			"to": [16.03073, 6.80448, 8],
			"rotation": {"angle": -22.5, "axis": "z", "origin": [12.5, 10, 7.25]},
			"faces": {
				"north": {"uv": [6.5, 2, 8.5, 2.5], "texture": "#0"},
				"east": {"uv": [6, 7.5, 6.5, 8], "texture": "#0"},
				"south": {"uv": [6.5, 2.5, 8.5, 3], "texture": "#0"},
				"west": {"uv": [6.5, 7.5, 7, 8], "texture": "#0"},
				"up": {"uv": [8.5, 3.5, 6.5, 3], "texture": "#0"},
				"down": {"uv": [8.5, 3.5, 6.5, 4], "texture": "#0"}
			}
		},
		{
			"from": [13.03073, 13.69552, 7.5],
			"to": [14.03073, 19.69552, 8.5],
			"rotation": {"angle": 22.5, "axis": "z", "origin": [12.5, 10, 7.25]},
			"faces": {
				"north": {"uv": [2, 3.5, 2.5, 6.5], "texture": "#0"},
				"east": {"uv": [2.5, 3.5, 3, 6.5], "texture": "#0"},
				"south": {"uv": [3, 3.5, 3.5, 6.5], "texture": "#0"},
				"west": {"uv": [3.5, 3.5, 4, 6.5], "texture": "#0"},
				"up": {"uv": [1, 8, 0.5, 7.5], "texture": "#0"},
				"down": {"uv": [1.5, 7.5, 1, 8], "texture": "#0"}
			}
		},
		{
			"from": [12.03073, 13.19552, 7],
			"to": [16.03073, 14.19552, 8],
			"rotation": {"angle": 22.5, "axis": "z", "origin": [12.5, 10, 7.25]},
			"faces": {
				"north": {"uv": [6.5, 0.5, 8.5, 1], "texture": "#0"},
				"east": {"uv": [4.5, 7.5, 5, 8], "texture": "#0"},
				"south": {"uv": [6.5, 1, 8.5, 1.5], "texture": "#0"},
				"west": {"uv": [7.5, 4.5, 8, 5], "texture": "#0"},
				"up": {"uv": [8.5, 2, 6.5, 1.5], "texture": "#0"},
				"down": {"uv": [4, 6.5, 2, 7], "texture": "#0"}
			}
		}
	]
}