{
	"credit": "Made with Blockbench",
	"texture_size": [32, 32],
	"textures": {
		"0": "item/crossbow/2",
		"particle": "item/crossbow/2"
	},
	"elements": [
		{
			"from": [4, 3, 0],
			"to": [14, 5, 1],
			"faces": {
				"north": {"uv": [0, 0, 5, 1], "texture": "#0"},
				"east": {"uv": [7, 6, 7.5, 7], "texture": "#0"},
				"south": {"uv": [0, 1, 5, 2], "texture": "#0"},
				"west": {"uv": [6.5, 7, 7, 8], "texture": "#0"},
				"up": {"uv": [10, 0.5, 5, 0], "texture": "#0"},
				"down": {"uv": [10, 0.5, 5, 1], "texture": "#0"}
			}
		},
		{
			"from": [14, 4, 0],
			"to": [26, 5, 1],
			"faces": {
				"north": {"uv": [0, 3.5, 6, 4], "texture": "#0"},
				"east": {"uv": [1, 7.5, 1.5, 8], "texture": "#0"},
				"south": {"uv": [0, 4, 6, 4.5], "texture": "#0"},
				"west": {"uv": [7.5, 2, 8, 2.5], "texture": "#0"},
				"up": {"uv": [6, 5, 0, 4.5], "texture": "#0"},
				"down": {"uv": [6, 5, 0, 5.5], "texture": "#0"}
			}
		},
		{
			"from": [24, 5, 0.5],
			"to": [25, 6, 0.55],
			"faces": {
				"north": {"uv": [7.5, 2.5, 8, 3], "texture": "#0"},
				"east": {"uv": [15.5, 15.5, 15.5, 16], "texture": "#0"},
				"south": {"uv": [7.5, 3, 8, 3.5], "texture": "#0"},
				"west": {"uv": [15.5, 15.5, 15.5, 16], "texture": "#0"},
				"up": {"uv": [16, 15.5, 15.5, 15.5], "texture": "#0"},
				"down": {"uv": [16, 15.5, 15.5, 15.5], "texture": "#0"}
			}
		},
		{
			"from": [8, 5, 0.5],
			"to": [9, 6, 0.55],
			"faces": {
				"north": {"uv": [7.5, 2.5, 8, 3], "texture": "#0"},
				"east": {"uv": [15.5, 15.5, 15.5, 16], "texture": "#0"},
				"south": {"uv": [7.5, 3, 8, 3.5], "texture": "#0"},
				"west": {"uv": [15.5, 15.5, 15.5, 16], "texture": "#0"},
				"up": {"uv": [16, 15.5, 15.5, 15.5], "texture": "#0"},
				"down": {"uv": [16, 15.5, 15.5, 15.5], "texture": "#0"}
			}
		},
		{
			"from": [-1, 1, 0.5],
			"to": [0, 2, 0.5],
			"faces": {
				"north": {"uv": [15.5, 0, 16, 0.5], "texture": "#0"},
				"east": {"uv": [0, 0, 0, 0.5], "texture": "#0"},
				"south": {"uv": [15.5, 0, 16, 0.5], "texture": "#0"},
				"west": {"uv": [0, 0, 0, 0.5], "texture": "#0"},
				"up": {"uv": [0.5, 0, 0, 0], "texture": "#0"},
				"down": {"uv": [0.5, 0, 0, 0], "texture": "#0"}
			}
		},
		{
			"from": [2, 2, 0],
			"to": [4, 5, 1],
			"faces": {
				"north": {"uv": [4.5, 5.5, 5.5, 7], "texture": "#0"},
				"east": {"uv": [3, 6.5, 3.5, 8], "texture": "#0"},
				"south": {"uv": [5.5, 5.5, 6.5, 7], "texture": "#0"},
				"west": {"uv": [3.5, 6.5, 4, 8], "texture": "#0"},
				"up": {"uv": [8, 7.5, 7, 7], "texture": "#0"},
				"down": {"uv": [1, 7.5, 0, 8], "texture": "#0"}
			}
		},
		{
			"from": [-1, 2, 0],
			"to": [2, 4, 1],
			"faces": {
				"north": {"uv": [5, 1, 6.5, 2], "texture": "#0"},
				"east": {"uv": [2.5, 7, 3, 8], "texture": "#0"},
				"south": {"uv": [3, 5.5, 4.5, 6.5], "texture": "#0"},
				"west": {"uv": [6, 7, 6.5, 8], "texture": "#0"},
				"up": {"uv": [7.5, 5.5, 6, 5], "texture": "#0"},
				"down": {"uv": [8, 1, 6.5, 1.5], "texture": "#0"}
			}
		},
		{
			"from": [-4, 1, 0],
			"to": [-1, 4, 1],
			"faces": {
				"north": {"uv": [0, 5.5, 1.5, 7], "texture": "#0"},
				"east": {"uv": [4, 6.5, 4.5, 8], "texture": "#0"},
				"south": {"uv": [1.5, 5.5, 3, 7], "texture": "#0"},
				"west": {"uv": [6.5, 5.5, 7, 7], "texture": "#0"},
				"up": {"uv": [8, 2, 6.5, 1.5], "texture": "#0"},
				"down": {"uv": [1.5, 7, 0, 7.5], "texture": "#0"}
			}
		},
		{
			"from": [-10, 0, 0],
			"to": [-4, 3, 1],
			"faces": {
				"north": {"uv": [0, 2, 3, 3.5], "texture": "#0"},
				"east": {"uv": [1.5, 7, 2, 8.5], "texture": "#0"},
				"south": {"uv": [3, 2, 6, 3.5], "texture": "#0"},
				"west": {"uv": [2, 7, 2.5, 8.5], "texture": "#0"},
				"up": {"uv": [9, 4.5, 6, 4], "texture": "#0"},
				"down": {"uv": [9, 4.5, 6, 5], "texture": "#0"}
			}
		},
		{
			"from": [-1, 4, 1],
			"to": [2, 6, 1.05],
			"faces": {
				"north": {"uv": [6, 2, 7.5, 3], "texture": "#0"},
				"east": {"uv": [14.5, 15, 14.5, 16], "texture": "#0"},
				"south": {"uv": [6, 3, 7.5, 4], "texture": "#0"},
				"west": {"uv": [14.5, 15, 14.5, 16], "texture": "#0"},
				"up": {"uv": [16, 15, 14.5, 15], "texture": "#0"},
				"down": {"uv": [16, 15, 14.5, 15], "texture": "#0"}
			}
		},
		{
			"from": [2, 1, 0],
			"to": [3, 2, 1],
			"faces": {
				"north": {"uv": [7.5, 3.5, 8, 4], "texture": "#0"},
				"east": {"uv": [4.5, 7.5, 5, 8], "texture": "#0"},
				"south": {"uv": [5, 7.5, 5.5, 8], "texture": "#0"},
				"west": {"uv": [7.5, 5, 8, 5.5], "texture": "#0"},
				"up": {"uv": [6, 8, 5.5, 7.5], "texture": "#0"},
				"down": {"uv": [8, 6, 7.5, 6.5], "texture": "#0"}
			}
		},
		{
			"from": [-0.8, 2, 0],
			"to": [2, 2.05, 1],
			"rotation": {"angle": 45, "axis": "z", "origin": [2, 2, 0]},
			"faces": {
				"north": {"uv": [14.5, 16, 16, 16], "texture": "#0"},
				"east": {"uv": [14.5, 16, 15, 16], "texture": "#0"},
				"south": {"uv": [14.5, 16, 16, 16], "texture": "#0"},
				"west": {"uv": [14.5, 16, 15, 16], "texture": "#0"},
				"up": {"uv": [6, 7.5, 4.5, 7], "texture": "#0"},
				"down": {"uv": [8.5, 5.5, 7, 6], "texture": "#0"}
			}
		},
		{
			"from": [-1, -0.4, 0],
			"to": [-1, 1.6, 1],
			"rotation": {"angle": 45, "axis": "z", "origin": [-1, 1, 0.05]},
			"faces": {
				"north": {"uv": [16, 15.5, 16, 16], "texture": "#0"},
				"east": {"uv": [8, 6.5, 8.5, 7.5], "texture": "#0"},
				"south": {"uv": [16, 15.5, 16, 16], "texture": "#0"},
				"west": {"uv": [7, 7.5, 7.5, 8.5], "texture": "#0"},
				"up": {"uv": [16, 16, 16, 15.5], "texture": "#0"},
				"down": {"uv": [16, 15.5, 16, 16], "texture": "#0"}
			}
		}
	],
	"display": {
		"thirdperson_righthand": {
			"rotation": [17, 90, 0],
			"translation": [7, 5.5, -0.75]
		},
		"thirdperson_lefthand": {
			"rotation": [87, -90, 0],
			"translation": [-8, 3.25, 5]
		},
		"firstperson_righthand": {
			"rotation": [-22, 87, 0],
			"translation": [15.75, 1.5, -9.25]
		},
		"firstperson_lefthand": {
			"rotation": [-143, -82, 180],
			"translation": [-2.75, 6.75, -1.75]
		},
		"ground": {
			"rotation": [45, 45, 0],
			"translation": [3.25, 3, 4.5],
			"scale": [0.5, 0.5, 0.5]
		},
		"gui": {
			"rotation": [0, 0, 34],
			"translation": [-3, 5.75, 7.25]
		},
		"fixed": {
			"rotation": [0, 0, 34],
			"translation": [-3, 5.75, 7.25]
		}
	}
}